"fechas","ISO","poblacion","porc_pobl_total","poblacion_mayor_16a","porc_pobl_total_mayor_16a","dosis_entrega_pfizer","dosis_entrega_astra","dosis_entrega_moderna","dosis_entrega","dosis_entrega_100hab","porc_entregadas_sobre_total","dosis_diarias_entrega_pfizer","dosis_diarias_entrega_astra","dosis_diarias_entrega_moderna","dosis_diarias_entrega","dosis_7D_entrega_pfizer","dosis_7D_entrega_astra","dosis_7D_entrega_moderna","dosis_7D_entrega","dosis_7D_entrega_100hab","dosis_admin","dosis_primera","dosis_pauta_completa","dosis_admin_100hab","porc_admin_sobre_ccaa","porc_admin_vs_total","dosis_diarias_admin","dosis_diarias_admin_100hab","crec_diario_dosis_admin","dosis_diarias_primera","dosis_diarias_segunda","dosis_7D_admin","dosis_7D_admin_100hab","crec_7D_dosis_admin","porc_admin_vs_total_7D","personas_vacunadas","personas_pauta_completa","personas_1dosis","porc_personas_vacunadas","porc_personas_pauta_completa","porc_personas_vacunadas_16a","porc_personas_pauta_completa_16a","personas_vacunadas_diarias","personas_pauta_completa_diarias","porc_personas_vacunadas_diarias","porc_personas_pauta_completa_diarias","personas_vacunadas_7D","personas_pauta_completa_7D","porc_personas_vacunadas_7D","porc_personas_pauta_completa_7D","porc_personas_vacunadas_16a_7D","porc_personas_pauta_completa_16a_7D","crec_diario_personas_vacunadas","crec_7D_personas_vacunadas","crec_diario_personas_pauta_completa","crec_7D_personas_pauta_completa","desv_porc_admin_vs_total","desv_dosis_entrega","desv_porc_personas_vacunadas","desv_porc_personas_pauta_completa"
2021-01-05,"AR",1329391,2.802,1132764,2.823,23715,0,0,23715,1.784,3.188,23715,0,0,23715,23715,0,0,23715,1.784,2985,2985,0,0.225,12.587,2.142,2985,0.225,0,2985,0,2985,0.225,0,2.142,2985,0,2985,0.225,0,0.264,0,2985,0,0.225,0,2985,0,0.225,0,0.264,0,0,0,0,0,-23.555,13.776,-23.469,NA
2021-01-06,"AR",1329391,2.802,1132764,2.823,23715,0,0,23715,1.784,NA,0,0,0,0,23715,0,0,23715,1.784,4586,4586,0,0.345,NA,2.646,1601,0.12,53.635,1601,0,4586,0.345,53.635,2.646,4586,0,4586,NA,NA,NA,NA,1601,0,0.12,0,4586,0,0.345,0,0.405,0,53.635,53.635,NA,NA,-5.567,NA,NA,NA
2021-01-07,"AR",1329391,2.802,1132764,2.823,23715,0,0,23715,1.784,3.188,0,0,0,0,23715,0,0,23715,1.784,6186,6186,0,0.465,26.085,2.984,1600,0.12,34.889,1600,0,6186,0.465,34.889,2.984,6186,0,6186,0.465,0,0.546,0,1600,0,0.12,0,6186,0,0.465,0,0.546,0,34.889,34.889,NA,NA,6.495,13.776,6.407,NA
2021-01-08,"AR",1329391,2.802,1132764,2.823,23715,0,0,23715,1.784,3.188,0,0,0,0,23715,0,0,23715,1.784,9944,9944,0,0.748,41.931,3.577,3758,0.283,60.75,3758,0,9944,0.748,60.75,3.577,9944,0,9944,0.748,0,0.878,0,3758,0,0.283,0,9944,0,0.748,0,0.878,0,60.75,60.75,NA,NA,27.659,13.776,27.645,NA
2021-01-09,"AR",1329391,2.802,1132764,2.823,23715,0,0,23715,1.784,NA,0,0,0,0,23715,0,0,23715,1.784,10295,10295,0,0.774,NA,3.21,351,0.026,3.53,351,0,10295,0.774,3.53,3.21,10295,0,10295,NA,NA,NA,NA,351,0,0.026,0,10295,0,0.774,0,0.909,0,3.53,3.53,NA,NA,14.561,NA,NA,NA
2021-01-10,"AR",1329391,2.802,1132764,2.823,23715,0,0,23715,1.784,NA,0,0,0,0,23715,0,0,23715,1.784,10647,10647,0,0.801,NA,2.93,352,0.026,3.419,352,0,10647,0.801,3.419,2.93,10647,0,10647,NA,NA,NA,NA,352,0,0.026,0,10647,0,0.801,0,0.94,0,3.419,3.419,NA,NA,4.568,NA,NA,NA
2021-01-11,"AR",1329391,2.802,1132764,2.823,23715,0,0,23715,1.784,3.188,0,0,0,0,23715,0,0,23715,1.784,10998,10998,0,0.827,46.376,2.708,351,0.026,3.297,351,0,10998,0.827,3.297,2.708,10998,0,10998,0.827,0,0.971,0,351,0,0.026,0,10998,0,0.827,0,0.971,0,3.297,3.297,NA,NA,-3.355,13.776,-3.388,NA
2021-01-12,"AR",1329391,2.802,1132764,2.823,23715,0,0,23715,1.784,3.188,0,0,0,0,0,0,0,0,0,11983,11983,0,0.901,50.529,2.455,985,0.074,8.956,985,0,8998,0.677,-18.185,2.58,11983,0,11983,0.901,0,1.058,0,985,0,0.074,0,8998,0,0.677,0,0.794,0,8.956,-18.185,NA,NA,-12.384,13.776,-12.439,NA
2021-01-13,"AR",1329391,2.802,1132764,2.823,35415,0,0,35415,2.664,3.209,11700,0,0,11700,11700,0,0,11700,0.88,17043,17043,0,1.282,48.124,2.93,5060,0.381,42.226,5060,0,12457,0.937,38.442,3.051,17043,0,17043,1.282,0,1.505,0,5060,0,0.381,0,12457,0,0.937,0,1.1,0,42.226,38.442,NA,NA,4.568,14.525,4.568,NA
2021-01-14,"AR",1329391,2.802,1132764,2.823,35415,0,1200,36615,2.754,3.214,0,0,1200,1200,11700,0,1200,12900,0.97,20854,20854,0,1.569,56.955,3.084,3811,0.287,22.361,3811,0,14668,1.103,17.749,3.128,20854,0,20854,1.569,0,1.841,0,3811,0,0.287,0,14668,0,1.103,0,1.295,0,22.361,17.749,NA,NA,10.064,14.704,10.105,NA
2021-01-15,"AR",1329391,2.802,1132764,2.823,35415,0,1200,36615,2.754,3.214,0,0,0,0,11700,0,1200,12900,0.97,23619,23619,0,1.777,64.506,3.072,2765,0.208,13.259,2765,0,13675,1.029,-6.77,2.785,23619,0,23619,1.777,0,2.085,0,2765,0,0.208,0,13675,0,1.029,0,1.207,0,13.259,-6.77,NA,NA,9.636,14.704,9.624,NA
2021-01-16,"AR",1329391,2.802,1132764,2.823,35415,0,1200,36615,2.754,NA,0,0,0,0,11700,0,1200,12900,0.97,24124,24124,0,1.815,NA,2.971,505,0.038,2.138,505,0,13829,1.04,1.126,2.815,24124,0,24124,NA,NA,NA,NA,505,0,0.038,0,13829,0,1.04,0,1.221,0,2.138,1.126,NA,NA,6.031,NA,NA,NA
2021-01-17,"AR",1329391,2.802,1132764,2.823,35415,0,1200,36615,2.754,NA,0,0,0,0,11700,0,1200,12900,0.97,24628,24628,0,1.853,NA,2.881,504,0.038,2.089,504,0,13981,1.052,1.099,2.844,24628,0,24628,NA,NA,NA,NA,504,0,0.038,0,13981,0,1.052,0,1.234,0,2.089,1.099,NA,NA,2.819,NA,NA,NA
2021-01-18,"AR",1329391,2.802,1132764,2.823,35415,0,1200,36615,2.754,3.203,0,0,0,0,11700,0,1200,12900,0.97,25133,25133,0,1.891,68.641,2.799,505,0.038,2.051,505,0,14135,1.063,1.101,2.874,25133,0,25133,1.891,0,2.219,0,505,0,0.038,0,14135,0,1.063,0,1.248,0,2.051,1.101,NA,NA,-0.107,14.311,0.212,-100
2021-01-19,"AR",1329391,2.802,1132764,2.823,35415,0,1200,36615,2.754,3.203,0,0,0,0,11700,0,1200,12900,0.97,28316,27816,500,2.13,77.334,2.931,3183,0.239,12.665,2933,250,16333,1.229,15.55,3.417,28066,250,27816,2.111,0.019,2.478,0.022,2933,250,0.221,0.019,16083,250,1.21,0.019,1.42,0.022,11.67,13.781,Inf,Inf,4.604,14.311,4.712,-5
2021-01-20,"AR",1329391,2.802,1132764,2.823,41265,0,1200,42465,3.194,3.155,5850,0,0,5850,5850,0,1200,7050,0.53,33734,32488,1246,2.538,79.44,3.288,5418,0.408,19.134,5045,373,16691,1.256,2.192,3.757,33111,623,32488,2.491,0.047,2.923,0.055,5045,373,0.379,0.028,16068,623,1.209,0.047,1.418,0.055,17.975,-0.093,149.2,149.2,17.345,12.598,17.003,42.424
2021-01-21,"AR",1329391,2.802,1132764,2.823,41265,0,1200,42465,3.194,3.155,0,0,0,0,5850,0,0,5850,0.44,38170,34708,3462,2.871,89.886,3.46,4436,0.334,13.15,3328,1108,17316,1.303,3.745,4.054,36439,1731,34708,2.741,0.13,3.217,0.153,3328,1108,0.25,0.083,15585,1731,1.172,0.13,1.376,0.153,10.051,-3.006,177.849,177.849,23.483,12.598,23.357,26.214
2021-01-22,"AR",1329391,2.802,1132764,2.823,41265,0,1200,42465,3.194,3.155,0,0,0,0,5850,0,0,5850,0.44,41287,36957,4330,3.106,97.226,3.541,3117,0.234,8.166,2683,434,17668,1.329,2.033,4.452,39122,2165,36957,2.943,0.163,3.454,0.191,2683,434,0.202,0.033,15503,2165,1.166,0.163,1.369,0.191,7.363,-0.526,25.072,25.072,26.374,12.598,27.237,13.194
2021-01-23,"AR",1329391,2.802,1132764,2.823,41265,0,1200,42465,3.194,NA,0,0,0,0,5850,0,0,5850,0.44,41704,37336,4368,3.137,NA,3.505,417,0.031,1.01,398,19,17580,1.322,-0.498,4.653,39520,2184,37336,NA,NA,NA,NA,398,19,0.03,0.001,15396,2184,1.158,0.164,1.359,0.193,1.017,-0.69,0.878,0.878,25.089,NA,NA,NA
2021-01-24,"AR",1329391,2.802,1132764,2.823,41265,0,1200,42465,3.194,NA,0,0,0,0,5850,0,0,5850,0.44,42122,37716,4406,3.169,NA,3.471,418,0.031,1.002,399,19,17494,1.316,-0.489,4.877,39919,2203,37716,NA,NA,NA,NA,399,19,0.03,0.001,15291,2203,1.15,0.166,1.35,0.194,1.01,-0.682,0.87,0.87,23.876,NA,NA,NA
2021-01-25,"AR",1329391,2.802,1132764,2.823,41265,0,1200,42465,3.194,3.155,0,0,0,0,5850,0,0,5850,0.44,42539,38095,4444,3.2,100.174,3.437,417,0.031,0.99,398,19,17406,1.309,-0.503,5.125,40317,2222,38095,3.033,0.167,3.559,0.196,398,19,0.03,0.001,15184,2222,1.142,0.167,1.34,0.196,0.997,-0.7,0.862,0.862,22.662,12.598,25.279,-10.695
2021-01-26,"AR",1329391,2.802,1132764,2.823,41265,0,1200,42465,3.194,3.155,0,0,0,0,5850,0,0,5850,0.44,43531,37641,5890,3.275,102.51,3.371,992,0.075,2.332,269,723,15215,1.145,-12.588,4.68,40586,2945,37641,3.053,0.222,3.583,0.26,269,723,0.02,0.054,12520,2695,0.942,0.203,1.105,0.238,0.667,-17.545,32.538,21.287,20.307,12.598,24.106,-14.943
2021-01-27,"AR",1329391,2.802,1132764,2.823,55305,0,1200,56505,4.25,3.194,14040,0,0,14040,14040,0,0,14040,1.056,47835,36115,11720,3.598,84.656,3.526,4304,0.324,9.887,1389,2915,14101,1.061,-7.322,4.266,41975,5860,36115,3.157,0.441,3.706,0.517,1389,2915,0.104,0.219,8864,5237,0.667,0.394,0.783,0.462,3.422,-29.201,98.981,94.323,25.839,13.99,26.584,20.822
2021-01-28,"AR",1329391,2.802,1132764,2.823,55305,0,1200,56505,4.25,3.194,0,0,0,0,14040,0,0,14040,1.056,49453,35841,13612,3.72,87.52,3.543,1618,0.122,3.382,672,946,11283,0.849,-19.984,3.86,42647,6806,35841,3.208,0.512,3.765,0.601,672,946,0.051,0.071,6208,5075,0.467,0.382,0.548,0.448,1.601,-29.964,16.143,-3.093,26.445,13.99,26.548,26.108
2021-01-29,"AR",1329391,2.802,1132764,2.823,55305,0,1200,56505,4.25,3.194,0,0,0,0,14040,0,0,14040,1.056,53937,34433,19504,4.057,95.455,3.659,4484,0.337,9.067,1538,2946,12650,0.952,12.116,4.102,44185,9752,34433,3.324,0.734,3.901,0.861,1538,2946,0.116,0.222,5063,7587,0.381,0.571,0.447,0.67,3.606,-18.444,43.285,49.498,30.585,13.99,29.037,38.23
2021-01-30,"AR",1329391,2.802,1132764,2.823,55305,0,1200,56505,4.25,NA,0,0,0,0,14040,0,0,14040,1.056,54389,34477,19912,4.091,NA,3.58,452,0.034,0.838,248,204,12685,0.954,0.277,3.85,44433,9956,34477,NA,NA,NA,NA,248,204,0.019,0.015,4913,7772,0.37,0.585,0.434,0.686,0.561,-2.963,2.092,2.438,27.766,NA,NA,NA
2021-01-31,"AR",1329391,2.802,1132764,2.823,55305,0,1200,56505,4.25,NA,0,0,0,0,14040,0,0,14040,1.056,54840,34520,20320,4.125,NA,3.506,451,0.034,0.829,247,204,12718,0.957,0.26,3.628,44680,10160,34520,NA,NA,NA,NA,247,204,0.019,0.015,4761,7957,0.358,0.599,0.42,0.702,0.556,-3.094,2.049,2.38,25.125,NA,NA,NA
2021-02-01,"AR",1329391,2.802,1132764,2.823,55305,0,1200,56505,4.25,3.194,0,0,0,0,14040,0,0,14040,1.056,55292,34564,20728,4.159,97.853,3.436,452,0.034,0.824,248,204,12753,0.959,0.275,3.431,44928,10364,34564,3.38,0.78,3.966,0.915,248,204,0.019,0.015,4611,8142,0.347,0.612,0.407,0.719,0.555,-3.151,2.008,2.325,22.627,13.99,28.176,3.448
2021-02-02,"AR",1329391,2.802,1132764,2.823,55305,0,1200,56505,4.25,3.194,0,0,0,0,14040,0,0,14040,1.056,56482,34244,22238,4.249,99.959,3.376,1190,0.09,2.152,435,755,12951,0.974,1.553,3.392,45363,11119,34244,3.412,0.836,4.005,0.982,435,755,0.033,0.057,4777,8174,0.359,0.615,0.422,0.722,0.968,3.6,7.285,0.393,20.485,13.99,29.047,-5.215
2021-02-03,"AR",1329391,2.802,1132764,2.823,68175,0,2900,71075,5.346,3.203,12870,0,1700,14570,12870,0,1700,14570,1.096,61036,30722,30314,4.591,85.875,3.459,4554,0.343,8.063,516,4038,13201,0.993,1.93,3.233,45879,15157,30722,3.451,1.14,4.05,1.338,516,4038,0.039,0.304,3904,9297,0.294,0.699,0.345,0.821,1.137,-18.275,36.316,13.739,23.448,14.311,29.348,8.365
2021-02-04,"AR",1329391,2.802,1132764,2.823,68175,0,2900,71075,5.346,3.203,0,0,0,0,12870,0,1700,14570,1.096,65979,26909,39070,4.963,92.83,3.537,4943,0.372,8.098,565,4378,16526,1.243,25.187,3.518,46444,19535,26909,3.494,1.469,4.1,1.725,565,4378,0.043,0.329,3797,12729,0.286,0.958,0.335,1.124,1.232,-2.741,28.884,36.915,26.231,14.311,29.599,18.947
2021-02-05,"AR",1329391,2.802,1132764,2.823,68175,0,2900,71075,5.346,3.203,0,0,0,0,12870,0,1700,14570,1.096,72656,25680,46976,5.465,102.224,3.654,6677,0.502,10.12,2724,3953,18719,1.408,13.27,3.642,49168,23488,25680,3.699,1.767,4.341,2.074,2724,3953,0.205,0.297,4983,13736,0.375,1.033,0.44,1.213,5.865,31.235,20.235,7.911,30.407,14.311,34.46,22.794
2021-02-06,"AR",1329391,2.802,1132764,2.823,68175,0,2900,71075,5.346,NA,0,0,0,0,12870,0,1700,14570,1.096,73321,25750,47571,5.515,NA,3.617,665,0.05,0.915,368,297,18932,1.424,1.138,3.727,49535,23785,25750,NA,NA,NA,NA,367,297,0.028,0.022,5102,13829,0.384,1.04,0.45,1.221,0.746,2.388,1.264,0.677,29.086,NA,NA,NA
2021-02-07,"AR",1329391,2.802,1132764,2.823,68175,0,2900,71075,5.346,NA,0,0,0,0,12870,0,1700,14570,1.096,73985,25820,48165,5.565,NA,3.581,664,0.05,0.906,366,298,19145,1.44,1.125,3.815,49903,24083,25820,NA,NA,NA,NA,368,298,0.028,0.022,5223,13923,0.393,1.047,0.461,1.229,0.743,2.372,1.253,0.68,27.802,NA,NA,NA
2021-02-08,"AR",1329391,2.802,1132764,2.823,68175,0,2900,71075,5.346,3.203,0,0,0,0,12870,0,1700,14570,1.096,74650,25890,48760,5.615,105.03,3.546,665,0.05,0.899,368,297,19358,1.456,1.113,3.905,50270,24380,25890,3.781,1.834,4.438,2.152,367,297,0.028,0.022,5342,14016,0.402,1.054,0.472,1.237,0.735,2.278,1.233,0.668,26.552,14.311,36.056,10.682
2021-02-09,"AR",1329391,2.802,1132764,2.823,68175,5400,2900,76475,5.753,3.17,0,5400,0,5400,12870,5400,1700,19970,1.502,75586,25142,50444,5.686,98.838,3.488,936,0.07,1.254,94,842,19104,1.437,-1.312,3.866,50364,25222,25142,3.789,1.897,4.446,2.227,94,842,0.007,0.063,5001,14103,0.376,1.061,0.441,1.245,0.187,-6.383,3.454,0.621,24.483,13.133,35.321,7.296
2021-02-10,"AR",1329391,2.802,1132764,2.823,81045,5400,6300,92745,6.977,3.182,12870,0,3400,16270,12870,5400,3400,21670,1.63,80211,21525,58686,6.034,86.486,3.592,4625,0.348,6.119,504,4121,19175,1.442,0.372,4.093,50868,29343,21525,3.826,2.207,4.491,2.59,504,4121,0.038,0.31,4989,14186,0.375,1.067,0.44,1.252,1.001,-0.24,16.339,0.589,28.194,13.562,35.147,17.707
2021-02-11,"AR",1329391,2.802,1132764,2.823,81045,5400,6300,92745,6.977,3.182,0,0,0,0,12870,5400,3400,21670,1.63,84487,18515,65972,6.355,91.096,3.641,4276,0.322,5.331,633,3643,18508,1.392,-3.478,4.066,51501,32986,18515,3.874,2.481,4.546,2.912,633,3643,0.048,0.274,5057,13451,0.38,1.012,0.446,1.187,1.244,1.363,12.415,-5.181,29.943,13.562,33.494,24.799
2021-02-12,"AR",1329391,2.802,1132764,2.823,81045,5400,6300,92745,6.977,3.182,0,0,0,0,12870,5400,3400,21670,1.63,88297,16979,71318,6.642,95.204,3.644,3810,0.287,4.51,1137,2673,15641,1.177,-15.491,3.597,52638,35659,16979,3.96,2.682,4.647,3.148,1137,2673,0.086,0.201,3470,12171,0.261,0.916,0.306,1.074,2.208,-31.382,8.103,-9.516,30.05,13.562,32.088,27.23
2021-02-13,"AR",1329391,2.802,1132764,2.823,81045,5400,6300,92745,6.977,NA,0,0,0,0,12870,5400,3400,21670,1.63,89312,17114,72198,6.718,NA,3.617,1015,0.076,1.15,575,440,15991,1.203,2.238,3.617,53213,36099,17114,NA,NA,NA,NA,575,440,0.043,0.033,3678,12314,0.277,0.926,0.325,1.087,1.092,5.994,1.234,1.175,29.086,NA,NA,NA
2021-02-14,"AR",1329391,2.802,1132764,2.823,81045,5400,6300,92745,6.977,NA,0,0,0,0,12870,5400,3400,21670,1.63,90328,17250,73078,6.795,NA,3.591,1016,0.076,1.138,576,440,16343,1.229,2.201,3.637,53789,36539,17250,NA,NA,NA,NA,576,440,0.043,0.033,3886,12456,0.292,0.937,0.343,1.1,1.082,5.655,1.219,1.153,28.158,NA,NA,NA
2021-02-15,"AR",1329391,2.802,1132764,2.823,81045,5400,6300,92745,6.977,3.182,0,0,0,0,12870,5400,3400,21670,1.63,91343,17385,73958,6.871,98.488,3.566,1015,0.076,1.124,575,440,16693,1.256,2.142,3.656,54364,36979,17385,4.089,2.782,4.799,3.264,575,440,0.043,0.033,4094,12599,0.308,0.948,0.361,1.112,1.069,5.353,1.204,1.148,27.266,13.562,30.099,23.37
2021-02-16,"AR",1329391,2.802,1132764,2.823,81045,5400,6300,92745,6.977,3.182,0,0,0,0,12870,0,3400,16270,1.224,93512,18256,75256,7.034,100.827,3.563,2169,0.163,2.375,1520,649,17926,1.348,7.386,3.92,55884,37628,18256,4.204,2.83,4.933,3.322,1520,649,0.114,0.049,5520,12406,0.415,0.933,0.487,1.095,2.796,34.831,1.755,-1.532,27.159,13.562,30.6,22.405
2021-02-17,"AR",1329391,2.802,1132764,2.823,96255,11700,6300,114255,8.595,3.154,15210,6300,0,21510,15210,6300,0,21510,1.618,96987,17639,79348,7.296,84.886,3.605,3475,0.261,3.716,1429,2046,16776,1.262,-6.415,3.669,57313,39674,17639,4.311,2.984,5.06,3.502,1429,2046,0.107,0.154,6445,10331,0.485,0.777,0.569,0.912,2.557,16.757,5.437,-16.726,28.658,12.562,30.202,26.494
2021-02-18,"AR",1329391,2.802,1132764,2.823,96255,11700,6300,114255,8.595,3.154,0,0,0,0,15210,6300,0,21510,1.618,101956,20066,81890,7.669,89.235,3.664,4969,0.374,5.123,3698,1271,17469,1.314,4.131,3.779,61011,40945,20066,4.589,3.08,5.386,3.615,3698,1271,0.278,0.096,9510,7959,0.715,0.599,0.84,0.703,6.452,47.556,3.204,-22.96,30.764,12.562,32.937,27.695
2021-02-19,"AR",1329391,2.802,1132764,2.823,96255,11700,6300,114255,8.595,3.154,0,0,0,0,15210,6300,0,21510,1.618,106629,21771,84858,8.021,93.325,3.632,4673,0.352,4.583,3189,1484,18332,1.379,4.94,3.574,64200,42429,21771,4.829,3.192,5.668,3.746,3189,1484,0.24,0.112,11562,6770,0.87,0.509,1.021,0.598,5.227,21.577,3.624,-14.939,29.622,12.562,29.812,29.335
2021-02-20,"AR",1329391,2.802,1132764,2.823,96255,11700,6300,114255,8.595,NA,0,0,0,0,15210,6300,0,21510,1.618,107525,22380,85145,8.088,NA,3.599,896,0.067,0.84,752,144,18213,1.37,-0.649,3.514,64953,42573,22380,NA,NA,NA,NA,753,144,0.057,0.011,11740,6474,0.883,0.487,1.036,0.572,1.173,1.54,0.339,-4.372,28.444,NA,NA,NA
2021-02-21,"AR",1329391,2.802,1132764,2.823,96255,11700,6300,114255,8.595,NA,0,0,0,0,15210,6300,0,21510,1.618,108422,22989,85433,8.156,NA,3.568,897,0.067,0.834,754,143,18094,1.361,-0.653,3.456,65705,42716,22989,NA,NA,NA,NA,752,143,0.057,0.011,11916,6177,0.896,0.465,1.052,0.545,1.158,1.499,0.336,-4.588,27.338,NA,NA,NA
2021-02-22,"AR",1329391,2.802,1132764,2.823,96255,11700,6300,114255,8.595,3.154,0,0,0,0,15210,6300,0,21510,1.618,109318,23598,85720,8.223,95.679,3.537,896,0.067,0.826,752,144,17975,1.352,-0.658,3.4,66458,42860,23598,4.999,3.224,5.867,3.784,753,144,0.057,0.011,12094,5881,0.91,0.442,1.068,0.519,1.146,1.494,0.337,-4.792,26.231,12.562,25.288,27.784
2021-02-23,"AR",1329391,2.802,1132764,2.823,96255,11700,6300,114255,8.595,3.154,0,0,0,0,15210,6300,0,21510,1.618,111067,23657,87410,8.355,97.21,3.509,1749,0.132,1.6,904,845,17555,1.321,-2.337,3.247,67362,43705,23657,5.067,3.288,5.947,3.858,904,845,0.068,0.064,11478,6077,0.863,0.457,1.013,0.536,1.36,-5.093,1.972,3.333,25.232,12.562,22.866,29.144
2021-02-24,"AR",1329391,2.802,1132764,2.823,112635,22600,6300,141535,10.647,3.139,16380,10900,0,27280,16380,10900,0,27280,2.052,115419,27029,88390,8.682,81.548,3.514,4352,0.327,3.918,3862,490,18432,1.386,4.996,3.102,71224,44195,27029,5.358,3.324,6.288,3.902,3862,490,0.291,0.037,13911,4521,1.046,0.34,1.228,0.399,5.733,21.197,1.121,-25.605,25.41,12.027,23.201,29.138
2021-02-25,"AR",1329391,2.802,1132764,2.823,112635,22600,6300,141535,10.647,3.139,0,0,0,0,16380,10900,0,27280,2.052,120420,30952,89468,9.058,85.081,3.504,5001,0.376,4.333,4462,539,18464,1.389,0.174,2.826,75686,44734,30952,5.693,3.365,6.682,3.949,4462,539,0.336,0.041,14675,3789,1.104,0.285,1.296,0.334,6.265,5.492,1.22,-16.191,25.054,12.027,22.536,29.622
2021-02-26,"AR",1329391,2.802,1132764,2.823,112635,22600,6300,141535,10.647,3.139,0,0,0,0,16380,10900,0,27280,2.052,126328,34466,91862,9.503,89.256,3.504,5908,0.444,4.906,4711,1197,19699,1.482,6.689,2.942,80397,45931,34466,6.048,3.455,7.097,4.055,4711,1197,0.354,0.09,16197,3502,1.218,0.263,1.43,0.309,6.224,10.371,2.676,-7.575,25.054,12.027,21.519,31.82
2021-02-27,"AR",1329391,2.802,1132764,2.823,112635,22600,6300,141535,10.647,NA,0,0,0,0,16380,10900,0,27280,2.052,127593,35137,92456,9.598,NA,3.467,1265,0.095,1.001,968,297,20068,1.51,1.873,2.897,81365,46228,35137,NA,NA,NA,NA,968,297,0.073,0.022,16412,3655,1.235,0.275,1.449,0.323,1.204,1.327,0.647,4.369,23.733,NA,NA,NA
2021-02-28,"AR",1329391,2.802,1132764,2.823,112635,22600,6300,141535,10.647,NA,0,0,0,0,16380,10900,0,27280,2.052,128857,35807,93050,9.693,NA,3.432,1264,0.095,0.991,967,297,20435,1.537,1.829,2.854,82332,46525,35807,NA,NA,NA,NA,967,297,0.073,0.022,16627,3809,1.251,0.287,1.468,0.336,1.188,1.31,0.642,4.213,22.484,NA,NA,NA
2021-03-01,"AR",1329391,2.802,1132764,2.823,112635,22600,6300,141535,10.647,3.139,0,0,0,0,16380,10900,0,27280,2.052,130122,36478,93644,9.788,91.936,3.398,1265,0.095,0.982,968,297,20804,1.565,1.806,2.815,83300,46822,36478,6.266,3.522,7.354,4.133,968,297,0.073,0.022,16842,3962,1.267,0.298,1.487,0.35,1.176,1.293,0.638,4.017,21.271,12.027,15.801,32.456
2021-03-02,"AR",1329391,2.802,1132764,2.823,112635,22600,6300,141535,10.647,3.139,0,0,0,0,16380,10900,0,27280,2.052,131441,37645,93796,9.887,92.868,3.363,1319,0.099,1.014,1243,76,20374,1.533,-2.067,2.74,84543,46898,37645,6.36,3.528,7.463,4.14,1243,76,0.094,0.006,17181,3193,1.292,0.24,1.517,0.282,1.492,2.013,0.162,-19.409,20.021,12.027,14.224,32.135
2021-03-03,"AR",1329391,2.802,1132764,2.823,130185,32700,12600,175485,13.2,3.143,17550,10100,6300,33950,17550,10100,6300,33950,2.554,134040,39790,94250,10.083,76.383,3.302,2599,0.196,1.977,2372,227,18621,1.401,-8.604,2.404,86915,47125,39790,6.538,3.545,7.673,4.16,2372,227,0.178,0.017,15691,2930,1.18,0.22,1.385,0.259,2.806,-8.672,0.484,-8.237,17.844,12.17,11.895,30.715
2021-03-04,"AR",1329391,2.802,1132764,2.823,130185,32700,12600,175485,13.2,3.143,0,0,0,0,17550,10100,6300,33950,2.554,141997,46323,95674,10.681,80.917,3.358,7957,0.599,5.936,7245,712,21577,1.623,15.875,2.721,94160,47837,46323,7.083,3.598,8.312,4.223,7245,712,0.545,0.054,18474,3103,1.39,0.233,1.631,0.274,8.336,17.736,1.511,5.904,19.843,12.17,15.096,30.457
2021-03-05,"AR",1329391,2.802,1132764,2.823,130185,32700,12600,175485,13.2,3.143,0,0,0,0,17550,10100,6300,33950,2.554,150631,51567,99064,11.331,85.837,3.369,8634,0.649,6.08,6939,1695,24303,1.828,12.634,2.807,101099,49532,51567,7.605,3.726,8.925,4.373,6939,1695,0.522,0.128,20702,3601,1.557,0.271,1.828,0.318,7.369,12.06,3.543,16.049,20.236,12.17,15.332,31.707
2021-03-06,"AR",1329391,2.802,1132764,2.823,130185,32700,12600,175485,13.2,NA,0,0,0,0,17550,10100,6300,33950,2.554,151485,51982,99503,11.395,NA,3.328,854,0.064,0.567,635,219,23892,1.797,-1.691,2.741,101734,49751,51983,NA,NA,NA,NA,635,219,0.048,0.016,20369,3523,1.532,0.265,1.798,0.311,0.628,-1.609,0.442,-2.166,18.772,NA,NA,NA
2021-03-07,"AR",1329391,2.802,1132764,2.823,130185,32700,12600,175485,13.2,NA,0,0,0,0,17550,10100,6300,33950,2.554,152340,52399,99941,11.459,NA,3.289,855,0.064,0.564,635,220,23483,1.766,-1.712,2.677,102369,49971,52398,NA,NA,NA,NA,635,220,0.048,0.017,20037,3446,1.507,0.259,1.769,0.304,0.624,-1.63,0.442,-2.186,17.38,NA,NA,NA
2021-03-08,"AR",1329391,2.802,1132764,2.823,130185,32700,12600,175485,13.2,3.143,0,0,0,0,17550,10100,6300,33950,2.554,153194,52814,100380,11.524,87.297,3.251,854,0.064,0.561,635,219,23072,1.736,-1.75,2.614,103004,50190,52814,7.748,3.775,9.093,4.431,635,219,0.048,0.016,19704,3368,1.482,0.253,1.739,0.297,0.62,-1.662,0.438,-2.263,16.024,12.17,10.449,29.458
2021-03-09,"AR",1329391,2.802,1132764,2.823,130185,32700,12600,175485,13.2,3.143,0,0,0,0,17550,10100,6300,33950,2.554,155770,54934,100836,11.717,88.765,3.213,2576,0.194,1.682,2348,228,24329,1.83,5.448,2.588,105352,50418,54934,7.925,3.793,9.3,4.451,2348,228,0.177,0.017,20809,3520,1.565,0.265,1.837,0.311,2.28,5.608,0.454,4.513,14.668,12.17,9.431,27.453
2021-03-10,"AR",1329391,2.802,1132764,2.823,147735,47600,12600,207935,15.641,3.124,17550,14900,0,32450,17550,14900,0,32450,2.441,158422,55452,102970,11.917,76.188,3.175,2652,0.199,1.703,1585,1067,24382,1.834,0.218,2.621,106937,51485,55452,8.044,3.873,9.44,4.545,1585,1067,0.119,0.08,20022,4360,1.506,0.328,1.768,0.385,1.504,-3.782,2.116,23.864,13.312,11.492,7.771,26.942
2021-03-11,"AR",1329391,2.802,1132764,2.823,147735,47600,12600,207935,15.641,3.124,0,0,0,0,17550,14900,0,32450,2.441,166351,59895,106456,12.513,80.001,3.216,7929,0.596,5.005,6186,1743,24354,1.832,-0.115,2.583,113123,53228,59895,8.509,4.004,9.986,4.699,6186,1743,0.465,0.131,18963,5391,1.426,0.406,1.674,0.476,5.785,-5.289,3.385,23.647,14.775,11.492,10.049,26.389
2021-03-12,"AR",1329391,2.802,1132764,2.823,147735,47600,12600,207935,15.641,3.124,0,0,0,0,17550,14900,0,32450,2.441,173511,62095,111416,13.052,83.445,3.242,7160,0.539,4.304,4680,2480,22880,1.721,-6.052,2.596,117803,55708,62095,8.861,4.19,10.4,4.918,4680,2480,0.352,0.187,16704,6176,1.257,0.465,1.475,0.545,4.137,-11.913,4.659,14.561,15.703,11.492,11.543,25.562
2021-03-13,"AR",1329391,2.802,1132764,2.823,147735,47600,12600,207935,15.641,NA,0,0,0,0,17550,14900,0,32450,2.441,175805,62546,113259,13.224,NA,3.226,2294,0.173,1.322,1372,922,24320,1.829,6.294,2.707,119175,56630,62545,NA,NA,NA,NA,1372,922,0.103,0.069,17441,6879,1.312,0.517,1.54,0.607,1.165,4.412,1.655,11.383,15.132,NA,NA,NA
2021-03-14,"AR",1329391,2.802,1132764,2.823,147735,47600,12600,207935,15.641,NA,0,0,0,0,17550,14900,0,32450,2.441,178099,62996,115103,13.397,NA,3.21,2294,0.173,1.305,1373,921,25759,1.938,5.917,2.814,120548,57551,62997,NA,NA,NA,NA,1373,921,0.103,0.069,18179,7580,1.367,0.57,1.605,0.669,1.152,4.231,1.626,10.19,14.561,NA,NA,NA
2021-03-15,"AR",1329391,2.802,1132764,2.823,147735,47600,12600,207935,15.641,3.124,0,0,0,0,17550,14900,0,32450,2.441,180393,63447,116946,13.57,86.755,3.196,2294,0.173,1.288,1372,922,27199,2.046,5.59,2.916,121920,58473,63447,9.171,4.398,10.763,5.162,1372,922,0.103,0.069,18916,8283,1.423,0.623,1.67,0.731,1.138,4.054,1.602,9.274,14.061,11.492,10.136,23.228
2021-03-16,"AR",1329391,2.802,1132764,2.823,147735,47600,12600,207935,15.641,3.124,0,0,0,0,17550,14900,0,32450,2.441,182899,65311,117588,13.758,87.96,3.185,2506,0.189,1.389,2185,321,27129,2.041,-0.257,3.036,124105,58794,65311,9.335,4.423,10.956,5.19,2185,321,0.164,0.024,18753,8376,1.411,0.63,1.656,0.739,1.792,-0.862,0.549,1.123,13.669,11.492,10.356,21.411
2021-03-17,"AR",1329391,2.802,1132764,2.823,165285,54000,21700,240985,18.127,3.136,17550,6400,9100,33050,17550,6400,9100,33050,2.486,188111,62759,125352,14.15,78.059,3.212,5212,0.392,2.85,1330,3882,29689,2.233,9.436,3.422,125435,62676,62759,9.436,4.715,11.073,5.533,1330,3882,0.1,0.292,18498,11191,1.391,0.842,1.633,0.988,1.072,-1.36,6.603,33.608,14.632,11.92,10.492,23.981
2021-03-18,"AR",1329391,2.802,1132764,2.823,165285,54000,21700,240985,18.127,3.136,0,0,0,0,17550,6400,9100,33050,2.486,194938,61090,133848,14.664,80.892,3.253,6827,0.514,3.629,2579,4248,28587,2.15,-3.712,3.481,128014,66924,61090,9.63,5.034,11.301,5.908,2579,4248,0.194,0.32,14891,13696,1.12,1.03,1.315,1.209,2.056,-19.499,6.778,22.384,16.096,11.92,11.278,26.61
2021-03-19,"AR",1329391,2.802,1132764,2.823,165285,54000,21700,240985,18.127,NA,0,0,0,0,17550,6400,9100,33050,2.486,197826,61431,136395,14.881,NA,3.256,2888,0.217,1.481,1614,1274,24315,1.829,-14.944,3.364,129628,68198,61430,NA,NA,NA,NA,1614,1274,0.121,0.096,11825,12490,0.89,0.94,1.044,1.103,1.261,-20.59,1.904,-8.805,16.203,NA,NA,NA
2021-03-20,"AR",1329391,2.802,1132764,2.823,165285,54000,21700,240985,18.127,NA,0,0,0,0,17550,6400,9100,33050,2.486,200713,61771,138942,15.098,NA,3.26,2887,0.217,1.459,1614,1273,24908,1.874,2.439,3.521,131242,69471,61771,NA,NA,NA,NA,1614,1273,0.121,0.096,12067,12841,0.908,0.966,1.065,1.134,1.245,2.047,1.867,2.81,16.345,NA,NA,NA
2021-03-21,"AR",1329391,2.802,1132764,2.823,165285,54000,21700,240985,18.127,NA,0,0,0,0,17550,6400,9100,33050,2.486,203600,62111,141489,15.315,NA,3.263,2887,0.217,1.438,1614,1273,25501,1.918,2.381,3.684,132856,70744,62112,NA,NA,NA,NA,1614,1273,0.121,0.096,12308,13193,0.926,0.992,1.087,1.165,1.23,1.997,1.832,2.741,16.453,NA,NA,NA
2021-03-22,"AR",1329391,2.802,1132764,2.823,165285,54000,21700,240985,18.127,3.136,0,0,0,0,17550,6400,9100,33050,2.486,206488,62452,144036,15.533,85.685,3.266,2888,0.217,1.418,1614,1274,26095,1.963,2.329,3.854,134470,72018,62452,10.115,5.417,11.871,6.358,1614,1274,0.121,0.096,12550,13545,0.944,1.019,1.108,1.196,1.215,1.966,1.801,2.668,16.56,11.92,13.972,21.758
2021-03-23,"AR",1329391,2.802,1132764,2.823,165285,54000,21700,240985,18.127,3.136,0,0,0,0,17550,6400,9100,33050,2.486,207118,62948,144170,15.58,85.946,3.232,630,0.047,0.305,563,67,24219,1.822,-7.189,3.631,135033,72085,62948,10.158,5.422,11.921,6.364,563,67,0.042,0.005,10928,13291,0.822,1,0.965,1.173,0.419,-12.924,0.093,-1.875,15.346,11.92,13.345,19.296
2021-03-24,"AR",1329391,2.802,1132764,2.823,187515,56800,21700,266015,20.01,3.126,22230,2800,0,25030,22230,2800,0,25030,1.883,211426,62700,148726,15.904,79.479,3.194,4308,0.324,2.08,2030,2278,23315,1.754,-3.733,3.056,137063,74363,62700,10.31,5.594,12.1,6.565,2030,2278,0.153,0.171,11628,11687,0.875,0.879,1.027,1.032,1.503,6.406,3.16,-12.068,13.99,11.563,12.628,16.615
2021-03-25,"AR",1329391,2.802,1132764,2.823,187515,56800,21700,266015,20.01,3.126,0,0,0,0,22230,2800,0,25030,1.883,220730,61170,159560,16.604,82.977,3.227,9304,0.7,4.401,3887,5417,25792,1.94,10.624,3.047,140950,79780,61170,10.603,6.001,12.443,7.043,3887,5417,0.292,0.407,12936,12856,0.973,0.967,1.142,1.135,2.836,11.249,7.285,10.003,15.168,11.563,13.123,19.044
2021-03-26,"AR",1329391,2.802,1132764,2.823,187515,56800,21700,266015,20.01,3.126,0,0,0,0,22230,2800,0,25030,1.883,229883,60957,168926,17.292,86.417,3.253,9153,0.689,4.147,4470,4683,32057,2.411,24.29,3.232,145420,84463,60957,10.939,6.354,12.838,7.456,4470,4683,0.336,0.352,15792,16265,1.188,1.223,1.394,1.436,3.171,22.078,5.87,26.517,16.096,11.563,13.794,20.318
2021-03-27,"AR",1329391,2.802,1132764,2.823,187515,56800,21700,266015,20.01,NA,0,0,0,0,22230,2800,0,25030,1.883,232103,62420,169683,17.459,NA,3.208,2220,0.167,0.966,1841,379,31390,2.361,-2.081,2.913,147261,84842,62419,NA,NA,NA,NA,1841,379,0.138,0.029,16019,15371,1.205,1.156,1.414,1.357,1.266,1.437,0.449,-5.496,14.49,NA,NA,NA
2021-03-28,"AR",1329391,2.802,1132764,2.823,187515,56800,21700,266015,20.01,NA,0,0,0,0,22230,2800,0,25030,1.883,234323,63882,170441,17.626,NA,3.165,2220,0.167,0.956,1842,378,30723,2.311,-2.125,2.64,149103,85220,63883,NA,NA,NA,NA,1842,378,0.139,0.028,16247,14476,1.222,1.089,1.434,1.278,1.251,1.423,0.446,-5.823,12.955,NA,NA,NA
2021-03-29,"AR",1329391,2.802,1132764,2.823,187515,56800,21700,266015,20.01,3.126,0,0,0,0,22230,2800,0,25030,1.883,236543,65345,171198,17.793,88.921,3.124,2220,0.167,0.947,1841,379,30055,2.261,-2.174,2.405,150944,85599,65345,11.354,6.439,13.325,7.557,1841,379,0.138,0.029,16474,13581,1.239,1.022,1.454,1.199,1.235,1.397,0.445,-6.183,11.492,11.563,8.464,17.329
2021-03-30,"AR",1329391,2.802,1132764,2.823,187515,56800,21700,266015,20.01,3.126,0,0,0,0,22230,2800,0,25030,1.883,241002,69246,171756,18.129,90.597,3.115,4459,0.335,1.885,4180,279,33884,2.549,12.74,2.553,155124,85878,69246,11.669,6.46,13.694,7.581,4180,279,0.314,0.021,20091,13793,1.511,1.038,1.774,1.218,2.769,21.956,0.326,1.561,11.171,11.563,8.731,15.937
2021-03-31,"AR",1329391,2.802,1132764,2.823,209745,59900,35300,304945,22.939,3.147,22230,3100,13600,38930,22230,3100,13600,38930,2.928,250339,71783,178556,18.831,82.093,3.116,9337,0.702,3.874,5937,3400,38913,2.927,14.842,2.75,161061,89278,71783,12.115,6.716,14.218,7.881,5937,3400,0.447,0.256,23998,14915,1.805,1.122,2.119,1.317,3.827,19.447,3.959,8.135,11.206,12.313,8.179,17.105
2021-04-01,"AR",1329391,2.802,1132764,2.823,209745,59900,35300,304945,22.939,3.147,0,0,0,0,22230,3100,13600,38930,2.928,258902,71648,187254,19.475,84.901,3.104,8563,0.644,3.421,4214,4349,38172,2.871,-1.904,2.541,165275,93627,71648,12.432,7.043,14.59,8.265,4214,4349,0.317,0.327,24325,13847,1.83,1.042,2.147,1.222,2.616,1.363,4.871,-7.161,10.778,12.313,6.384,19.474
2021-04-02,"AR",1329391,2.802,1132764,2.823,209745,59900,35300,304945,22.939,NA,0,0,0,0,22230,3100,13600,38930,2.928,262260,71841,190419,19.728,NA,3.105,3358,0.253,1.297,1775,1583,32377,2.435,-15.181,2.35,167051,95210,71841,NA,NA,NA,NA,1776,1583,0.134,0.119,21631,10747,1.627,0.808,1.91,0.949,1.075,-11.075,1.691,-22.388,10.814,NA,NA,NA
2021-04-03,"AR",1329391,2.802,1132764,2.823,209745,59900,35300,304945,22.939,3.147,0,0,0,0,22230,3100,13600,38930,2.928,265619,72035,193584,19.981,87.104,3.107,3359,0.253,1.281,1777,1582,33516,2.521,3.518,2.552,168827,96792,72035,12.7,7.281,14.904,8.545,1776,1582,0.134,0.119,21566,11950,1.622,0.899,1.904,1.055,1.063,-0.3,1.662,11.194,10.885,12.313,5.587,21.593
2021-04-04,"AR",1329391,2.802,1132764,2.823,209745,59900,35300,304945,22.939,NA,0,0,0,0,22230,3100,13600,38930,2.928,265634,72030,193604,19.982,NA,3.072,15,0.001,0.006,5,10,31311,2.355,-6.579,2.52,168832,96802,72030,NA,NA,NA,NA,5,10,0,0.001,19729,11582,1.484,0.871,1.742,1.022,0.003,-8.518,0.01,-3.079,9.636,NA,NA,NA
2021-04-05,"AR",1329391,2.802,1132764,2.823,209745,59900,35300,304945,22.939,3.147,0,0,0,0,22230,3100,13600,38930,2.928,265649,72025,193624,19.983,87.114,3.038,15,0.001,0.006,5,10,29106,2.189,-7.042,2.483,168837,96812,72025,12.7,7.282,14.905,8.547,5,10,0,0.001,17893,11213,1.346,0.843,1.58,0.99,0.003,-9.306,0.01,-3.186,8.423,12.313,2.296,21.124
2021-04-06,"AR",1329391,2.802,1132764,2.823,250695,88700,35300,374695,28.185,3.146,40950,28800,0,69750,63180,31900,13600,108680,8.175,270285,76475,193810,20.331,72.135,2.996,4636,0.349,1.745,4543,93,29283,2.203,0.608,2.28,173380,96905,76475,13.042,7.289,15.306,8.555,4543,93,0.342,0.007,18256,11027,1.373,0.829,1.612,0.973,2.691,2.029,0.096,-1.659,6.924,12.277,1.14,19.179
2021-04-07,"AR",1329391,2.802,1132764,2.823,250695,88700,35300,374695,28.185,3.146,0,0,0,0,40950,28800,0,69750,5.247,276558,80778,195780,20.803,73.809,2.955,6273,0.472,2.321,5288,985,26219,1.972,-10.463,1.982,178668,97890,80778,13.44,7.364,15.773,8.642,5288,985,0.398,0.074,17607,8612,1.324,0.648,1.554,0.76,3.05,-3.555,1.016,-21.901,5.46,12.277,-0.599,18.774
2021-04-08,"AR",1329391,2.802,1132764,2.823,250695,88700,35300,374695,28.185,3.124,0,0,0,0,40950,28800,0,69750,5.247,290838,90746,200092,21.878,77.62,2.964,14280,1.074,5.163,12124,2156,31936,2.402,21.805,2.173,190792,100046,90746,14.352,7.526,16.843,8.832,12124,2156,0.912,0.162,25517,6419,1.919,0.483,2.253,0.567,6.786,44.925,2.202,-25.464,5.782,11.492,0.279,18.24
2021-04-09,"AR",1329391,2.802,1132764,2.823,250695,88700,35300,374695,28.185,3.124,0,0,0,0,40950,28800,0,69750,5.247,303372,100030,203342,22.82,80.965,2.965,12534,0.943,4.31,10909,1625,41112,3.093,28.732,2.301,201701,101671,100030,15.172,7.648,17.806,8.975,10909,1625,0.821,0.122,34650,6461,2.606,0.486,3.059,0.57,5.718,35.792,1.624,0.654,5.817,11.492,0.55,18.134
2021-04-10,"AR",1329391,2.802,1132764,2.823,250695,88700,35300,374695,28.185,NA,0,0,0,0,40950,28800,0,69750,5.247,306429,102766,203663,23.05,NA,2.942,3057,0.23,1.008,2897,160,40810,3.07,-0.735,2.185,204598,101831,102767,NA,NA,NA,NA,2897,160,0.218,0.012,35771,5039,2.691,0.379,3.158,0.445,1.436,3.235,0.157,-22.009,4.996,NA,NA,NA
2021-04-11,"AR",1329391,2.802,1132764,2.823,250695,88700,35300,374695,28.185,NA,0,0,0,0,40950,28800,0,69750,5.247,309487,105504,203983,23.28,NA,2.92,3058,0.23,0.998,2897,161,43853,3.299,7.457,2.244,207495,101992,105503,NA,NA,NA,NA,2897,161,0.218,0.012,38663,5190,2.908,0.39,3.413,0.458,1.416,8.085,0.158,2.997,4.211,NA,NA,NA
2021-04-12,"AR",1329391,2.802,1132764,2.823,250695,88700,35300,374695,28.185,3.124,0,0,0,0,40950,28800,0,69750,5.247,312544,108240,204304,23.51,83.413,2.898,3057,0.23,0.988,2897,160,46895,3.528,6.937,2.297,210392,102152,108240,15.826,7.684,18.573,9.018,2897,160,0.218,0.012,41555,5340,3.126,0.402,3.668,0.471,1.396,7.48,0.157,2.89,3.426,11.492,-2.176,17.295
2021-04-13,"AR",1329391,2.802,1132764,2.823,291645,88700,45800,426145,32.056,3.135,40950,0,10500,51450,40950,0,10500,51450,3.87,321035,116707,204328,24.149,75.335,2.899,8491,0.639,2.717,8479,12,50750,3.818,8.22,2.472,218871,102164,116707,16.464,7.685,19.322,9.019,8479,12,0.638,0.001,45491,5259,3.422,0.396,4.016,0.464,4.03,9.472,0.012,-1.517,3.462,11.884,-1.578,16.281
