"fechas","ISO","poblacion","porc_pobl_total","poblacion_mayor_16a","porc_pobl_total_mayor_16a","dosis_entrega_pfizer","dosis_entrega_astra","dosis_entrega_moderna","dosis_entrega","dosis_entrega_100hab","porc_entregadas_sobre_total","dosis_diarias_entrega_pfizer","dosis_diarias_entrega_astra","dosis_diarias_entrega_moderna","dosis_diarias_entrega","dosis_7D_entrega_pfizer","dosis_7D_entrega_astra","dosis_7D_entrega_moderna","dosis_7D_entrega","dosis_7D_entrega_100hab","dosis_admin","dosis_primera","dosis_pauta_completa","dosis_admin_100hab","porc_admin_sobre_ccaa","porc_admin_vs_total","dosis_diarias_admin","dosis_diarias_admin_100hab","crec_diario_dosis_admin","dosis_7D_admin","dosis_7D_admin_100hab","crec_7D_dosis_admin","porc_admin_vs_total_7D","personas_vacunadas","personas_1dosis","personas_pauta_completa","porc_personas_vacunadas","porc_personas_pauta_completa","porc_personas_1dosis","porc_personas_vacunadas_16a","porc_personas_pauta_completa_16a","porc_personas_1dosis_16a","personas_vacunadas_diarias","personas_pauta_completa_diarias","porc_personas_vacunadas_diarias","porc_personas_pauta_completa_diarias","personas_1dosis_diarias","personas_vacunadas_7D","personas_pauta_completa_7D","porc_personas_vacunadas_7D","porc_personas_pauta_completa_7D","porc_personas_vacunadas_16a_7D","porc_personas_pauta_completa_16a_7D","personas_1dosis_7D","crec_diario_personas_vacunadas","crec_7D_personas_vacunadas","crec_diario_personas_pauta_completa","crec_7D_personas_pauta_completa","desv_porc_admin_vs_total","desv_dosis_entrega","desv_porc_personas_vacunadas","desv_porc_personas_pauta_completa"
2021-01-05,"CB",582905,1.228,501384,1.249,11850,0,0,11850,2.033,1.593,11850,0,0,11850,11850,0,0,11850,2.033,601,601,0,0.103,5.072,0.431,601,0.103,0,601,0.103,0,0.431,601,601,0,0.103,0,0.103,0.12,0,0.12,601,0,0.103,0,601,601,0,0.103,0,0.12,0,601,0,0,0,0,-64.902,29.723,-64.966,NA
2021-01-06,"CB",582905,1.228,501384,1.249,11850,0,0,11850,2.033,NA,0,0,0,0,11850,0,0,11850,2.033,1082,1082,0,0.186,NA,0.624,481,0.083,80.033,1082,0.186,80.033,0.624,1082,1082,0,NA,NA,0.186,NA,NA,0.216,481,0,0.083,0,481,1082,0,0.186,0,0.216,0,1082,80.033,80.033,NA,NA,-49.186,NA,NA,NA
2021-01-07,"CB",582905,1.228,501384,1.249,11850,0,0,11850,2.033,1.593,0,0,0,0,11850,0,0,11850,2.033,1564,1564,0,0.268,13.198,0.754,482,0.083,44.547,1564,0.268,44.547,0.754,1564,1564,0,0.268,0,0.268,0.312,0,0.312,482,0,0.083,0,482,1564,0,0.268,0,0.312,0,1564,44.547,44.547,NA,NA,-38.599,29.723,-38.673,NA
2021-01-08,"CB",582905,1.228,501384,1.249,11850,0,0,11850,2.033,1.593,0,0,0,0,11850,0,0,11850,2.033,2334,2334,0,0.4,19.696,0.84,770,0.132,49.233,2334,0.4,49.233,0.84,2334,2334,0,0.4,0,0.4,0.466,0,0.466,770,0,0.132,0,770,2334,0,0.4,0,0.466,0,2334,49.233,49.233,NA,NA,-31.596,29.723,-31.741,NA
2021-01-09,"CB",582905,1.228,501384,1.249,11850,0,0,11850,2.033,NA,0,0,0,0,11850,0,0,11850,2.033,4381,4381,0,0.752,NA,1.366,2047,0.351,87.704,4381,0.752,87.704,1.366,4381,4381,0,NA,NA,0.752,NA,NA,0.874,2047,0,0.351,0,2047,4381,0,0.752,0,0.874,0,4381,87.704,87.704,NA,NA,11.238,NA,NA,NA
2021-01-10,"CB",582905,1.228,501384,1.249,11850,0,0,11850,2.033,NA,0,0,0,0,11850,0,0,11850,2.033,6427,6427,0,1.103,NA,1.769,2046,0.351,46.702,6427,1.103,46.702,1.769,6427,6427,0,NA,NA,1.103,NA,NA,1.282,2046,0,0.351,0,2046,6427,0,1.103,0,1.282,0,6427,46.702,46.702,NA,NA,44.055,NA,NA,NA
2021-01-11,"CB",582905,1.228,501384,1.249,11850,0,0,11850,2.033,1.593,0,0,0,0,11850,0,0,11850,2.033,8474,8474,0,1.454,71.511,2.087,2047,0.351,31.85,8474,1.454,31.85,2.087,8474,8474,0,1.454,0,1.454,1.69,0,1.69,2047,0,0.351,0,2047,8474,0,1.454,0,1.69,0,8474,31.85,31.85,NA,NA,69.951,29.723,69.86,NA
2021-01-12,"CB",582905,1.228,501384,1.249,11850,0,0,11850,2.033,1.593,0,0,0,0,0,0,0,0,0,9527,9527,0,1.634,80.397,1.952,1053,0.181,12.426,8926,1.531,5.334,2.56,9527,9527,0,1.634,0,1.634,1.9,0,1.9,1053,0,0.181,0,1053,8926,0,1.531,0,1.78,0,8926,12.426,5.334,NA,NA,58.958,29.723,58.795,NA
2021-01-13,"CB",582905,1.228,501384,1.249,17700,0,0,17700,3.037,1.604,5850,0,0,5850,5850,0,0,5850,1.004,11302,11302,0,1.939,63.853,1.943,1775,0.305,18.631,10220,1.753,14.497,2.503,11302,11302,0,1.939,0,1.939,2.254,0,2.254,1775,0,0.305,0,1775,10220,0,1.753,0,2.038,0,10220,18.631,14.497,NA,NA,58.225,30.619,58.157,NA
2021-01-14,"CB",582905,1.228,501384,1.249,17700,0,500,18200,3.122,1.597,0,0,500,500,5850,0,500,6350,1.089,12779,12779,0,2.192,70.214,1.89,1477,0.253,13.068,11215,1.924,9.736,2.392,12779,12779,0,2.192,0,2.192,2.549,0,2.549,1477,0,0.253,0,1477,11215,0,1.924,0,2.237,0,11215,13.068,9.736,NA,NA,53.909,30.049,53.825,NA
2021-01-15,"CB",582905,1.228,501384,1.249,17700,0,500,18200,3.122,1.597,0,0,0,0,5850,0,500,6350,1.089,14639,14639,0,2.511,80.434,1.904,1860,0.319,14.555,12305,2.111,9.719,2.506,14639,14639,0,2.511,0,2.511,2.92,0,2.92,1860,0,0.319,0,1860,12305,0,2.111,0,2.454,0,12305,14.555,9.719,NA,NA,55.049,30.049,54.904,NA
2021-01-16,"CB",582905,1.228,501384,1.249,17700,0,500,18200,3.122,NA,0,0,0,0,5850,0,500,6350,1.089,15667,15667,0,2.688,NA,1.93,1028,0.176,7.022,11286,1.936,-8.281,2.297,15667,15667,0,NA,NA,2.688,NA,NA,3.125,1028,0,0.176,0,1028,11286,0,1.936,0,2.251,0,11286,7.022,-8.281,NA,NA,57.166,NA,NA,NA
2021-01-17,"CB",582905,1.228,501384,1.249,17700,0,500,18200,3.122,NA,0,0,0,0,5850,0,500,6350,1.089,16696,16696,0,2.864,NA,1.953,1029,0.177,6.568,10269,1.762,-9.011,2.089,16696,16696,0,NA,NA,2.864,NA,NA,3.33,1029,0,0.177,0,1029,10269,0,1.762,0,2.048,0,10269,6.568,-9.011,NA,NA,59.039,NA,NA,NA
2021-01-18,"CB",582905,1.228,501384,1.249,17700,0,500,18200,3.122,1.592,0,0,0,0,5850,0,500,6350,1.089,17724,17724,0,3.041,97.385,1.974,1028,0.176,6.157,9250,1.587,-9.923,1.881,17724,17724,0,3.041,0,3.041,3.535,0,3.535,1028,0,0.176,0,1028,9250,0,1.587,0,1.845,0,9250,6.157,-9.923,NA,NA,60.749,29.642,61.155,-100
2021-01-19,"CB",582905,1.228,501384,1.249,17700,0,500,18200,3.122,1.592,0,0,0,0,5850,0,500,6350,1.089,18967,18967,0,3.254,104.214,1.963,1243,0.213,7.013,9440,1.619,2.054,1.975,18967,18967,0,3.254,0,3.254,3.783,0,3.783,1243,0,0.213,0,1243,9440,0,1.619,0,1.883,0,9440,7.013,2.054,NA,NA,59.853,29.642,61.409,-100
2021-01-20,"CB",582905,1.228,501384,1.249,20625,0,500,21125,3.624,1.569,2925,0,0,2925,2925,0,500,3425,0.588,19473,19473,0,3.341,92.18,1.898,506,0.087,2.668,8171,1.402,-13.443,1.839,19473,19473,0,3.341,0,3.341,3.884,0,3.884,506,0,0.087,0,506,8171,0,1.402,0,1.63,0,8171,2.668,-13.443,NA,NA,54.56,27.769,56.928,-100
2021-01-21,"CB",582905,1.228,501384,1.249,20625,0,500,21125,3.624,1.569,0,0,0,0,2925,0,0,2925,0.502,19980,19498,482,3.428,94.58,1.811,507,0.087,2.604,7201,1.235,-11.871,1.686,19739,19498,241,3.386,0.041,3.345,3.937,0.048,3.889,266,241,0.046,0.041,25,6960,241,1.194,0.041,1.388,0.048,6719,1.366,-14.821,Inf,Inf,47.476,27.769,52.385,-60.194
2021-01-22,"CB",582905,1.228,501384,1.249,20625,0,500,21125,3.624,1.569,0,0,0,0,2925,0,0,2925,0.502,20462,19980,482,3.51,96.862,1.755,482,0.083,2.412,5823,0.999,-19.136,1.467,20221,19980,241,3.469,0.041,3.428,4.033,0.048,3.985,482,0,0.083,0,482,5582,241,0.958,0.041,1.113,0.048,5341,2.442,-19.799,0,0,42.915,27.769,49.978,-71.528
2021-01-23,"CB",582905,1.228,501384,1.249,20625,0,500,21125,3.624,NA,0,0,0,0,2925,0,0,2925,0.502,20462,19980,482,3.51,NA,1.72,0,0,0,4795,0.823,-17.654,1.269,20221,19980,241,NA,NA,3.428,NA,NA,3.985,0,0,0,0,0,4554,241,0.781,0.041,0.908,0.048,4313,0,-18.416,0,0,40.065,NA,NA,NA
2021-01-24,"CB",582905,1.228,501384,1.249,20625,0,500,21125,3.624,NA,0,0,0,0,2925,0,0,2925,0.502,20463,19981,482,3.511,NA,1.686,1,0,0.005,3767,0.646,-21.439,1.05,20222,19981,241,NA,NA,3.428,NA,NA,3.985,1,0,0,0,1,3526,241,0.605,0.041,0.703,0.048,3285,0.005,-22.574,0,0,37.296,NA,NA,NA
2021-01-25,"CB",582905,1.228,501384,1.249,20625,0,500,21125,3.624,1.569,0,0,0,0,2925,0,0,2925,0.502,20463,19981,482,3.511,96.866,1.653,0,0,0,2739,0.47,-27.29,0.806,20222,19981,241,3.469,0.041,3.428,4.033,0.048,3.985,0,0,0,0,0,2498,241,0.429,0.041,0.498,0.048,2257,0,-29.155,0,0,34.609,27.769,43.288,-78.075
2021-01-26,"CB",582905,1.228,501384,1.249,20625,0,500,21125,3.624,1.569,0,0,0,0,2925,0,0,2925,0.502,20743,20143,600,3.559,98.192,1.606,280,0.048,1.368,1776,0.305,-35.159,0.546,20443,20143,300,3.507,0.051,3.456,4.077,0.06,4.017,221,59,0.038,0.01,162,1476,300,0.253,0.051,0.294,0.06,1176,1.093,-40.913,24.481,24.481,30.782,27.769,42.561,-80.46
2021-01-27,"CB",582905,1.228,501384,1.249,27645,0,500,28145,4.828,1.591,7020,0,0,7020,7020,0,0,7020,1.204,20910,20310,600,3.587,74.294,1.542,167,0.029,0.805,1437,0.247,-19.088,0.435,20610,20310,300,3.536,0.051,3.484,4.111,0.06,4.051,167,0,0.029,0,167,1137,300,0.195,0.051,0.227,0.06,837,0.817,-22.967,0,0,25.57,29.56,41.78,-86.027
2021-01-28,"CB",582905,1.228,501384,1.249,27645,0,500,28145,4.828,1.591,0,0,0,0,7020,0,0,7020,1.204,21469,19905,1564,3.683,76.28,1.538,559,0.096,2.673,1489,0.255,3.619,0.509,20687,19905,782,3.549,0.134,3.415,4.126,0.156,3.97,77,482,0.013,0.083,-405,948,541,0.163,0.093,0.189,0.108,407,0.374,-16.623,160.667,80.333,25.244,29.56,40,-66.995
2021-01-29,"CB",582905,1.228,501384,1.249,27645,0,500,28145,4.828,1.591,0,0,0,0,7020,0,0,7020,1.204,21641,19793,1848,3.713,76.891,1.468,172,0.03,0.801,1179,0.202,-20.819,0.382,20717,19793,924,3.554,0.159,3.396,4.132,0.184,3.948,30,142,0.005,0.024,-112,496,683,0.085,0.117,0.099,0.136,-187,0.145,-47.679,18.159,26.248,19.544,29.56,37.966,-70.056
2021-01-30,"CB",582905,1.228,501384,1.249,27645,0,500,28145,4.828,NA,0,0,0,0,7020,0,0,7020,1.204,22303,19246,3057,3.826,NA,1.468,662,0.114,3.059,1841,0.316,56.149,0.559,20774,19246,1528,NA,NA,3.302,NA,NA,3.839,57,604,0.01,0.104,-547,553,1287,0.095,0.221,0.11,0.257,-734,0.275,11.492,65.368,88.433,19.544,NA,NA,NA
2021-01-31,"CB",582905,1.228,501384,1.249,27645,0,500,28145,4.828,NA,0,0,0,0,7020,0,0,7020,1.204,22964,18699,4265,3.94,NA,1.468,661,0.113,2.964,2501,0.429,35.85,0.713,20832,18699,2133,NA,NA,3.208,NA,NA,3.729,58,605,0.01,0.104,-547,610,1892,0.105,0.325,0.122,0.377,-1282,0.279,10.307,39.594,47.009,19.544,NA,NA,NA
2021-02-01,"CB",582905,1.228,501384,1.249,27645,0,500,28145,4.828,1.591,0,0,0,0,7020,0,0,7020,1.204,23626,18152,5474,4.053,83.944,1.468,662,0.114,2.883,3163,0.543,26.469,0.851,20889,18152,2737,3.584,0.47,3.114,4.166,0.546,3.62,57,604,0.01,0.104,-547,667,2496,0.114,0.428,0.133,0.498,-1829,0.274,9.344,28.317,31.924,19.544,29.56,35.912,-37.666
2021-02-02,"CB",582905,1.228,501384,1.249,27645,0,500,28145,4.828,1.591,0,0,0,0,7020,0,0,7020,1.204,25067,16545,8522,4.3,89.064,1.498,1441,0.247,6.099,4324,0.742,36.706,1.132,20806,16545,4261,3.569,0.731,2.838,4.15,0.85,3.3,-83,1524,-0.014,0.261,-1607,363,3961,0.062,0.68,0.072,0.79,-3598,-0.397,-45.577,55.681,58.694,21.987,29.56,34.985,-17.12
2021-02-03,"CB",582905,1.228,501384,1.249,33495,0,1300,34795,5.969,1.568,5850,0,800,6650,5850,0,800,6650,1.141,26718,14996,11722,4.584,76.787,1.514,1651,0.283,6.586,5808,0.996,34.32,1.422,20857,14996,5861,3.578,1.005,2.573,4.16,1.169,2.991,51,1600,0.009,0.274,-1549,247,5561,0.042,0.954,0.049,1.109,-5314,0.245,-31.956,37.55,40.394,23.29,27.687,34.108,-4.468
2021-02-04,"CB",582905,1.228,501384,1.249,33495,0,1300,34795,5.969,1.568,0,0,0,0,5850,0,800,6650,1.141,27989,13745,14244,4.802,80.44,1.5,1271,0.218,4.757,6520,1.119,12.259,1.388,20867,13745,7122,3.58,1.222,2.358,4.162,1.42,2.741,10,1261,0.002,0.216,-1251,180,6340,0.031,1.088,0.036,1.264,-6160,0.048,-27.126,21.515,14.008,22.15,27.687,32.789,-1.053
2021-02-05,"CB",582905,1.228,501384,1.249,33495,0,1300,34795,5.969,1.568,0,0,0,0,5850,0,800,6650,1.141,29864,12252,17612,5.123,85.828,1.502,1875,0.322,6.699,8223,1.411,26.12,1.6,21058,12252,8806,3.613,1.511,2.102,4.2,1.756,2.444,191,1684,0.033,0.289,-1493,341,7882,0.059,1.352,0.068,1.572,-7541,0.915,89.444,23.645,24.322,22.313,27.687,31.334,5.003
2021-02-06,"CB",582905,1.228,501384,1.249,33495,0,1300,34795,5.969,NA,0,0,0,0,5850,0,800,6650,1.141,31314,11288,20026,5.372,NA,1.545,1450,0.249,4.855,9011,1.546,9.583,1.774,21301,11288,10013,NA,NA,1.937,NA,NA,2.251,243,1207,0.042,0.207,-964,527,8485,0.09,1.456,0.105,1.692,-7958,1.154,54.545,13.707,7.65,25.814,NA,NA,NA
2021-02-07,"CB",582905,1.228,501384,1.249,33495,0,1300,34795,5.969,NA,0,0,0,0,5850,0,800,6650,1.141,32765,10325,22440,5.621,NA,1.586,1451,0.249,4.634,9801,1.681,8.767,1.953,21545,10325,11220,NA,NA,1.771,NA,NA,2.059,244,1207,0.042,0.207,-963,713,9087,0.122,1.559,0.142,1.812,-8374,1.145,35.294,12.054,7.095,29.153,NA,NA,NA
2021-02-08,"CB",582905,1.228,501384,1.249,33495,0,1300,34795,5.969,1.568,0,0,0,0,5850,0,800,6650,1.141,34215,9361,24854,5.87,98.333,1.625,1450,0.249,4.425,10589,1.817,8.04,2.136,21788,9361,12427,3.738,2.132,1.606,4.346,2.479,1.867,243,1207,0.042,0.207,-964,899,9690,0.154,1.662,0.179,1.933,-8791,1.128,26.087,10.758,6.636,32.329,27.687,34.509,28.666
2021-02-09,"CB",582905,1.228,501384,1.249,33495,2400,1300,37195,6.381,1.542,0,2400,0,2400,5850,2400,800,9050,1.553,35347,8407,26940,6.064,95.032,1.631,1132,0.194,3.308,10280,1.764,-2.918,2.08,21877,8407,13470,3.753,2.311,1.442,4.363,2.687,1.677,89,1043,0.015,0.179,-954,1071,9209,0.184,1.58,0.214,1.837,-8138,0.408,19.132,8.393,-4.964,32.818,25.57,34.036,30.713
2021-02-10,"CB",582905,1.228,501384,1.249,39345,2400,2900,44645,7.659,1.532,5850,0,1600,7450,5850,2400,1600,9850,1.69,36320,7534,28786,6.231,81.353,1.626,973,0.167,2.753,9602,1.647,-6.595,2.05,21927,7534,14393,3.762,2.469,1.292,4.373,2.871,1.503,50,923,0.009,0.158,-873,1070,8532,0.184,1.464,0.213,1.702,-7462,0.229,-0.093,6.852,-7.352,32.41,24.756,32.886,31.68
2021-02-11,"CB",582905,1.228,501384,1.249,39345,2400,2900,44645,7.659,1.532,0,0,0,0,5850,2400,1600,9850,1.69,38217,5699,32518,6.556,85.602,1.647,1897,0.325,5.223,10228,1.755,6.519,2.247,21958,5699,16259,3.767,2.789,0.978,4.379,3.243,1.137,31,1866,0.005,0.32,-1835,1091,9137,0.187,1.567,0.218,1.822,-8046,0.141,1.963,12.965,7.091,34.121,24.756,29.807,40.292
2021-02-12,"CB",582905,1.228,501384,1.249,39345,2400,2900,44645,7.659,1.532,0,0,0,0,5850,2400,1600,9850,1.69,39707,4751,34956,6.812,88.939,1.639,1490,0.256,3.899,9843,1.689,-3.764,2.263,22229,4751,17478,3.813,2.998,0.815,4.434,3.486,0.948,271,1219,0.046,0.209,-948,1171,8672,0.201,1.488,0.234,1.73,-7501,1.234,7.333,7.497,-5.089,33.469,24.756,27.185,42.22
2021-02-13,"CB",582905,1.228,501384,1.249,39345,2400,2900,44645,7.659,NA,0,0,0,0,5850,2400,1600,9850,1.69,40636,4721,35915,6.971,NA,1.646,929,0.159,2.34,9322,1.599,-5.293,2.109,22679,4722,17957,NA,NA,0.81,NA,NA,0.942,450,479,0.077,0.082,-29,1378,7944,0.236,1.363,0.275,1.584,-6566,2.024,17.677,2.741,-8.395,34.039,NA,NA,NA
2021-02-14,"CB",582905,1.228,501384,1.249,39345,2400,2900,44645,7.659,NA,0,0,0,0,5850,2400,1600,9850,1.69,41565,4692,36873,7.131,NA,1.652,929,0.159,2.286,8800,1.51,-5.6,1.958,23128,4691,18437,NA,NA,0.805,NA,NA,0.936,449,480,0.077,0.082,-31,1583,7217,0.272,1.238,0.316,1.439,-5634,1.98,14.877,2.673,-9.152,34.528,NA,NA,NA
2021-02-15,"CB",582905,1.228,501384,1.249,39345,2400,2900,44645,7.659,1.532,0,0,0,0,5850,2400,1600,9850,1.69,42494,4662,37832,7.29,95.182,1.659,929,0.159,2.235,8279,1.42,-5.92,1.813,23578,4662,18916,4.045,3.245,0.8,4.703,3.773,0.93,450,479,0.077,0.082,-29,1790,6489,0.307,1.113,0.357,1.294,-4699,1.946,13.076,2.598,-10.087,35.098,24.756,28.699,43.902
2021-02-16,"CB",582905,1.228,501384,1.249,39345,2400,2900,44645,7.659,1.532,0,0,0,0,5850,0,1600,7450,1.278,43214,5214,38000,7.414,96.795,1.647,720,0.124,1.694,7867,1.35,-4.976,1.72,24214,5214,19000,4.154,3.26,0.894,4.829,3.79,1.04,636,84,0.109,0.014,552,2337,5530,0.401,0.949,0.466,1.103,-3193,2.697,30.559,0.444,-14.779,34.121,24.756,29.046,41.003
2021-02-17,"CB",582905,1.228,501384,1.249,47535,5100,2900,55535,9.527,1.533,8190,2700,0,10890,8190,2700,0,10890,1.868,43913,5789,38124,7.533,79.073,1.632,699,0.12,1.618,7593,1.303,-3.483,1.661,24851,5789,19062,4.263,3.27,0.993,4.956,3.802,1.155,637,62,0.109,0.011,575,2924,4669,0.502,0.801,0.583,0.931,-1745,2.631,25.118,0.326,-15.57,32.899,24.837,28.753,38.618
2021-02-18,"CB",582905,1.228,501384,1.249,47535,5100,2900,55535,9.527,1.533,0,0,0,0,8190,2700,0,10890,1.868,44700,6464,38236,7.668,80.49,1.606,787,0.135,1.792,6483,1.112,-14.619,1.403,25582,6464,19118,4.389,3.28,1.109,5.102,3.813,1.289,731,56,0.125,0.01,675,3624,2859,0.622,0.49,0.723,0.57,765,2.942,23.94,0.294,-38.766,30.782,24.837,27.144,35.987
2021-02-19,"CB",582905,1.228,501384,1.249,47535,5100,2900,55535,9.527,1.533,0,0,0,0,8190,2700,0,10890,1.868,45835,7083,38752,7.863,82.534,1.561,1135,0.195,2.539,6128,1.051,-5.476,1.195,26459,7083,19376,4.539,3.324,1.215,5.277,3.865,1.413,877,258,0.15,0.044,619,4230,1898,0.726,0.326,0.844,0.379,2332,3.428,16.722,1.35,-33.613,27.117,24.837,22.016,34.684
2021-02-20,"CB",582905,1.228,501384,1.249,47535,5100,2900,55535,9.527,NA,0,0,0,0,8190,2700,0,10890,1.868,46564,7523,39041,7.988,NA,1.559,729,0.125,1.59,5928,1.017,-3.264,1.144,27044,7523,19521,NA,NA,1.291,NA,NA,1.5,585,145,0.1,0.025,440,4365,1564,0.749,0.268,0.871,0.312,2801,2.211,3.191,0.748,-17.597,26.954,NA,NA,NA
2021-02-21,"CB",582905,1.228,501384,1.249,47535,5100,2900,55535,9.527,NA,0,0,0,0,8190,2700,0,10890,1.868,47294,7963,39331,8.114,NA,1.556,730,0.125,1.568,5729,0.983,-3.357,1.094,27628,7963,19665,NA,NA,1.366,NA,NA,1.588,584,144,0.1,0.025,440,4500,1228,0.772,0.211,0.898,0.245,3272,2.159,3.093,0.738,-21.483,26.71,NA,NA,NA
2021-02-22,"CB",582905,1.228,501384,1.249,47535,5100,2900,55535,9.527,1.533,0,0,0,0,8190,2700,0,10890,1.868,48023,8403,39620,8.239,86.473,1.554,729,0.125,1.541,5529,0.949,-3.491,1.046,28213,8403,19810,4.84,3.398,1.442,5.627,3.951,1.676,585,145,0.1,0.025,440,4635,894,0.795,0.153,0.924,0.178,3741,2.117,3,0.737,-27.199,26.547,24.837,21.303,34.681
2021-02-23,"CB",582905,1.228,501384,1.249,47535,5100,2900,55535,9.527,1.533,0,0,0,0,8190,2700,0,10890,1.868,48935,9227,39708,8.395,88.116,1.546,912,0.156,1.899,5721,0.981,3.473,1.058,29081,9227,19854,4.989,3.406,1.583,5.8,3.96,1.84,868,44,0.149,0.008,824,4867,854,0.835,0.147,0.971,0.17,4013,3.077,5.005,0.222,-4.474,25.896,24.837,20.975,33.778
2021-02-24,"CB",582905,1.228,501384,1.249,55725,9900,2900,68525,11.756,1.52,8190,4800,0,12990,8190,4800,0,12990,2.228,51298,11372,39926,8.8,74.86,1.562,2363,0.405,4.829,7385,1.267,29.086,1.243,31335,11372,19963,5.376,3.425,1.951,6.25,3.982,2.268,2254,109,0.387,0.019,2145,6484,901,1.112,0.155,1.293,0.18,5583,7.751,33.224,0.549,5.504,27.199,23.779,23.615,33.061
2021-02-25,"CB",582905,1.228,501384,1.249,55725,9900,2900,68525,11.756,1.52,0,0,0,0,8190,4800,0,12990,2.228,53706,13670,40036,9.214,78.374,1.563,2408,0.413,4.694,9006,1.545,21.95,1.378,33688,13670,20018,5.779,3.434,2.345,6.719,3.993,2.726,2353,55,0.404,0.009,2298,8106,900,1.391,0.154,1.617,0.18,7206,7.509,25.015,0.276,-0.111,27.28,23.779,24.387,32.28
2021-02-26,"CB",582905,1.228,501384,1.249,55725,9900,2900,68525,11.756,1.52,0,0,0,0,8190,4800,0,12990,2.228,56389,15697,40692,9.674,82.29,1.564,2683,0.46,4.996,10554,1.811,17.189,1.576,36043,15697,20346,6.183,3.49,2.693,7.189,4.058,3.131,2355,328,0.404,0.056,2027,9584,970,1.644,0.166,1.912,0.193,8614,6.991,18.233,1.639,7.778,27.362,23.779,24.231,33.155
2021-02-27,"CB",582905,1.228,501384,1.249,55725,9900,2900,68525,11.756,NA,0,0,0,0,8190,4800,0,12990,2.228,57307,16557,40750,9.831,NA,1.557,918,0.157,1.628,10743,1.843,1.791,1.551,36932,16557,20375,NA,NA,2.84,NA,NA,3.302,889,29,0.153,0.005,860,9888,854,1.696,0.147,1.972,0.17,9034,2.466,3.172,0.143,-11.959,26.792,NA,NA,NA
2021-02-28,"CB",582905,1.228,501384,1.249,55725,9900,2900,68525,11.756,NA,0,0,0,0,8190,4800,0,12990,2.228,58226,17418,40808,9.989,NA,1.551,919,0.158,1.604,10932,1.875,1.759,1.527,37822,17418,20404,NA,NA,2.988,NA,NA,3.474,890,29,0.153,0.005,861,10194,739,1.749,0.127,2.033,0.147,9455,2.41,3.095,0.142,-13.466,26.303,NA,NA,NA
2021-03-01,"CB",582905,1.228,501384,1.249,55725,9900,2900,68525,11.756,1.52,0,0,0,0,8190,4800,0,12990,2.228,59144,18278,40866,10.146,86.31,1.544,918,0.157,1.577,11121,1.908,1.729,1.505,38711,18278,20433,6.641,3.505,3.136,7.721,4.075,3.646,889,29,0.153,0.005,860,10498,623,1.801,0.107,2.094,0.124,9875,2.35,2.982,0.142,-15.697,25.733,23.779,22.731,31.816
2021-03-02,"CB",582905,1.228,501384,1.249,55725,9900,2900,68525,11.756,1.52,0,0,0,0,8190,4800,0,12990,2.228,59968,18800,41168,10.288,87.513,1.534,824,0.141,1.393,11033,1.893,-0.791,1.484,39384,18800,20584,6.757,3.531,3.225,7.855,4.105,3.75,673,151,0.115,0.026,522,10303,730,1.768,0.125,2.055,0.146,9573,1.739,-1.857,0.739,17.175,24.919,23.779,21.354,32.247
2021-03-03,"CB",582905,1.228,501384,1.249,62745,14300,5900,82945,14.23,1.485,7020,4400,3000,14420,7020,4400,3000,14420,2.474,62843,21675,41168,10.781,75.765,1.548,2875,0.493,4.794,11545,1.981,4.641,1.49,42259,21675,20584,7.25,3.531,3.718,8.428,4.105,4.323,2875,0,0.493,0,2875,10924,621,1.874,0.107,2.179,0.124,10303,7.3,6.027,0,-14.932,26.059,20.928,24.08,30.199
2021-03-04,"CB",582905,1.228,501384,1.249,62745,14300,5900,82945,14.23,1.485,0,0,0,0,7020,4400,3000,14420,2.474,64535,23295,41240,11.071,77.805,1.526,1692,0.29,2.692,10829,1.858,-6.202,1.366,43915,23295,20620,7.534,3.537,3.996,8.759,4.113,4.646,1656,36,0.284,0.006,1620,10227,602,1.754,0.103,2.04,0.12,9625,3.919,-6.38,0.175,-3.06,24.267,20.928,22.424,28.245
2021-03-05,"CB",582905,1.228,501384,1.249,62745,14300,5900,82945,14.23,1.485,0,0,0,0,7020,4400,3000,14420,2.474,66555,25037,41518,11.418,80.24,1.488,2020,0.347,3.13,10166,1.744,-6.122,1.174,45796,25037,20759,7.857,3.561,4.295,9.134,4.14,4.994,1881,139,0.323,0.024,1742,9753,413,1.673,0.071,1.945,0.082,9340,4.283,-4.635,0.674,-31.395,21.173,20.928,19.154,25.875
2021-03-06,"CB",582905,1.228,501384,1.249,62745,14300,5900,82945,14.23,NA,0,0,0,0,7020,4400,3000,14420,2.474,67041,25361,41680,11.501,NA,1.473,486,0.083,0.73,9734,1.67,-4.249,1.117,46201,25361,20840,NA,NA,4.351,NA,NA,5.058,405,81,0.069,0.014,324,9269,465,1.59,0.08,1.849,0.093,8804,0.884,-4.963,0.39,12.591,19.951,NA,NA,NA
2021-03-07,"CB",582905,1.228,501384,1.249,62745,14300,5900,82945,14.23,NA,0,0,0,0,7020,4400,3000,14420,2.474,67528,25686,41842,11.585,NA,1.458,487,0.084,0.726,9302,1.596,-4.438,1.061,46607,25686,20921,NA,NA,4.407,NA,NA,5.123,406,81,0.07,0.014,325,8785,517,1.507,0.089,1.752,0.103,8268,0.879,-5.222,0.389,11.183,18.73,NA,NA,NA
2021-03-08,"CB",582905,1.228,501384,1.249,62745,14300,5900,82945,14.23,1.485,0,0,0,0,7020,4400,3000,14420,2.474,68014,26010,42004,11.668,81.999,1.443,486,0.083,0.72,8870,1.522,-4.644,1.005,47012,26010,21002,8.065,3.603,4.462,9.376,4.189,5.188,405,81,0.069,0.014,324,8301,569,1.424,0.098,1.656,0.113,7732,0.869,-5.509,0.387,10.058,17.508,20.928,14.968,23.56
2021-03-09,"CB",582905,1.228,501384,1.249,62745,14300,5900,82945,14.23,1.485,0,0,0,0,7020,4400,3000,14420,2.474,68512,26074,42438,11.754,82.599,1.413,498,0.085,0.732,8544,1.466,-3.675,0.909,47293,26074,21219,8.113,3.64,4.473,9.432,4.232,5.2,281,217,0.048,0.037,64,7909,635,1.357,0.109,1.577,0.127,7274,0.598,-4.722,1.033,11.599,15.065,20.928,12.027,22.312
2021-03-10,"CB",582905,1.228,501384,1.249,70935,20800,5900,97635,16.75,1.467,8190,6500,0,14690,8190,6500,0,14690,2.52,70233,26871,43362,12.049,71.934,1.408,1721,0.295,2.512,7390,1.268,-13.507,0.794,48552,26871,21681,8.329,3.719,4.61,9.684,4.324,5.359,1259,462,0.216,0.079,797,6293,1097,1.08,0.188,1.255,0.219,5196,2.662,-20.432,2.177,72.756,14.658,19.463,11.589,21.894
2021-03-11,"CB",582905,1.228,501384,1.249,70935,20800,5900,97635,16.75,1.467,0,0,0,0,8190,6500,0,14690,2.52,72537,27289,45248,12.444,74.294,1.402,2304,0.395,3.281,8002,1.373,8.281,0.849,49913,27289,22624,8.563,3.881,4.682,9.955,4.512,5.443,1361,943,0.233,0.162,418,5998,2004,1.029,0.344,1.196,0.4,3994,2.803,-4.688,4.349,82.68,14.169,19.463,10.748,22.506
2021-03-12,"CB",582905,1.228,501384,1.249,70935,20800,5900,97635,16.75,1.467,0,0,0,0,8190,6500,0,14690,2.52,74747,27605,47142,12.823,76.558,1.396,2210,0.379,3.047,8192,1.405,2.374,0.93,51176,27605,23571,8.779,4.044,4.736,10.207,4.701,5.506,1263,947,0.217,0.162,316,5380,2812,0.923,0.482,1.073,0.561,2568,2.53,-10.303,4.186,40.319,13.681,19.463,10.511,21.187
2021-03-13,"CB",582905,1.228,501384,1.249,70935,20800,5900,97635,16.75,NA,0,0,0,0,8190,6500,0,14690,2.52,75761,27632,48129,12.997,NA,1.39,1014,0.174,1.357,8720,1.496,6.445,0.971,51696,27631,24065,NA,NA,4.74,NA,NA,5.511,520,494,0.089,0.085,26,5495,3225,0.943,0.553,1.096,0.643,2270,1.016,2.138,2.096,14.687,13.192,NA,NA,NA
2021-03-14,"CB",582905,1.228,501384,1.249,70935,20800,5900,97635,16.75,NA,0,0,0,0,8190,6500,0,14690,2.52,76774,27657,49117,13.171,NA,1.384,1013,0.174,1.337,9246,1.586,6.032,1.01,52216,27658,24558,NA,NA,4.745,NA,NA,5.516,520,493,0.089,0.085,27,5609,3637,0.962,0.624,1.119,0.725,1972,1.006,2.075,2.049,12.775,12.704,NA,NA,NA
2021-03-15,"CB",582905,1.228,501384,1.249,70935,20800,5900,97635,16.75,1.467,0,0,0,0,8190,6500,0,14690,2.52,77788,27684,50104,13.345,79.672,1.378,1014,0.174,1.321,9774,1.677,5.711,1.048,52736,27684,25052,9.047,4.298,4.749,10.518,4.997,5.522,520,494,0.089,0.085,26,5724,4050,0.982,0.695,1.142,0.808,1674,0.996,2.05,2.012,11.356,12.215,19.463,8.647,20.426
2021-03-16,"CB",582905,1.228,501384,1.249,70935,20800,5900,97635,16.75,1.467,0,0,0,0,8190,6500,0,14690,2.52,79283,27489,51794,13.601,81.203,1.381,1495,0.256,1.922,10771,1.848,10.201,1.205,53386,27489,25897,9.159,4.443,4.716,10.648,5.165,5.483,650,845,0.112,0.145,-195,6093,4678,1.045,0.803,1.215,0.933,1415,1.233,6.447,3.373,15.506,12.459,19.463,8.275,21.96
2021-03-17,"CB",582905,1.228,501384,1.249,79125,23600,9700,112425,19.287,1.463,8190,2800,3800,14790,8190,2800,3800,14790,2.537,81573,25443,56130,13.994,72.558,1.393,2290,0.393,2.888,11340,1.945,5.283,1.307,53508,25443,28065,9.18,4.815,4.365,10.672,5.598,5.075,122,2168,0.021,0.372,-2046,4956,6384,0.85,1.095,0.988,1.273,-1428,0.229,-18.661,8.372,36.469,13.436,19.137,7.494,26.611
2021-03-18,"CB",582905,1.228,501384,1.249,79125,23600,9700,112425,19.287,1.463,0,0,0,0,8190,2800,3800,14790,2.537,85106,22350,62756,14.6,75.7,1.42,3533,0.606,4.331,12569,2.156,10.838,1.53,53728,22350,31378,9.217,5.383,3.834,10.716,6.258,4.458,220,3313,0.038,0.568,-3093,3815,8754,0.654,1.502,0.761,1.746,-4939,0.411,-23.023,11.805,37.124,15.635,19.137,6.506,35.387
2021-03-19,"CB",582905,1.228,501384,1.249,79125,23600,9700,112425,19.287,NA,0,0,0,0,8190,2800,3800,14790,2.537,86344,21202,65142,14.813,NA,1.421,1238,0.212,1.455,11597,1.99,-7.733,1.605,53773,21202,32571,NA,NA,3.637,NA,NA,4.229,45,1193,0.008,0.205,-1148,2597,9000,0.446,1.544,0.518,1.795,-6403,0.084,-31.927,3.802,2.81,15.717,NA,NA,NA
2021-03-20,"CB",582905,1.228,501384,1.249,79125,23600,9700,112425,19.287,NA,0,0,0,0,8190,2800,3800,14790,2.537,87582,20054,67528,15.025,NA,1.422,1238,0.212,1.434,11821,2.028,1.932,1.671,53818,20054,33764,NA,NA,3.44,NA,NA,4,45,1193,0.008,0.205,-1148,2122,9699,0.364,1.664,0.423,1.934,-7577,0.084,-18.29,3.663,7.767,15.798,NA,NA,NA
2021-03-21,"CB",582905,1.228,501384,1.249,79125,23600,9700,112425,19.287,NA,0,0,0,0,8190,2800,3800,14790,2.537,88819,18905,69914,15.237,NA,1.423,1237,0.212,1.412,12045,2.066,1.895,1.74,53862,18905,34957,NA,NA,3.243,NA,NA,3.771,44,1193,0.008,0.205,-1149,1646,10399,0.282,1.784,0.328,2.074,-8753,0.082,-22.432,3.533,7.217,15.879,NA,NA,NA
2021-03-22,"CB",582905,1.228,501384,1.249,79125,23600,9700,112425,19.287,1.463,0,0,0,0,8190,2800,3800,14790,2.537,90057,17757,72300,15.45,80.104,1.425,1238,0.212,1.394,12269,2.105,1.86,1.812,53907,17757,36150,9.248,6.202,3.046,10.752,7.21,3.542,45,1193,0.008,0.205,-1148,1171,11098,0.201,1.904,0.234,2.213,-9927,0.084,-28.858,3.413,6.722,16.042,19.137,4.203,39.402
2021-03-23,"CB",582905,1.228,501384,1.249,79125,23600,9700,112425,19.287,1.463,0,0,0,0,8190,2800,3800,14790,2.537,91015,18009,73006,15.614,80.956,1.42,958,0.164,1.064,11732,2.013,-4.377,1.759,54512,18009,36503,9.352,6.262,3.09,10.872,7.28,3.592,605,353,0.104,0.061,252,1126,10606,0.193,1.82,0.225,2.115,-9480,1.122,-3.843,0.976,-4.433,15.635,19.137,4.352,37.778
2021-03-24,"CB",582905,1.228,501384,1.249,88485,24800,9700,122985,21.099,1.445,9360,1200,0,10560,9360,1200,0,10560,1.812,94153,16133,78020,16.152,76.556,1.422,3138,0.538,3.448,12580,2.158,7.228,1.649,55143,16133,39010,9.46,6.692,2.768,10.998,7.78,3.218,631,2507,0.108,0.43,-1876,1635,10945,0.28,1.878,0.326,2.183,-9310,1.158,45.204,6.868,3.196,15.798,17.671,3.343,39.504
2021-03-25,"CB",582905,1.228,501384,1.249,88485,24800,9700,122985,21.099,1.445,0,0,0,0,9360,1200,0,10560,1.812,97301,16639,80662,16.692,79.116,1.423,3148,0.54,3.343,12195,2.092,-3.06,1.441,56970,16639,40331,9.773,6.919,2.854,11.363,8.044,3.319,1827,1321,0.313,0.227,506,3242,8953,0.556,1.536,0.647,1.786,-5711,3.313,98.287,3.386,-18.2,15.879,17.671,4.268,37.255
2021-03-26,"CB",582905,1.228,501384,1.249,88485,24800,9700,122985,21.099,1.445,0,0,0,0,9360,1200,0,10560,1.812,101069,16681,84388,17.339,82.18,1.43,3768,0.646,3.873,14725,2.526,20.746,1.485,58875,16681,42194,10.1,7.239,2.862,11.742,8.416,3.327,1905,1863,0.327,0.32,42,5102,9623,0.875,1.651,1.018,1.919,-4521,3.344,57.372,4.619,7.484,16.45,17.671,5.066,37.076
2021-03-27,"CB",582905,1.228,501384,1.249,88485,24800,9700,122985,21.099,NA,0,0,0,0,9360,1200,0,10560,1.812,103068,18122,84946,17.682,NA,1.424,1999,0.343,1.978,15486,2.657,5.168,1.437,60595,18122,42473,NA,NA,3.109,NA,NA,3.614,1720,279,0.295,0.048,1441,6777,8709,1.163,1.494,1.352,1.737,-1932,2.921,32.83,0.661,-9.498,15.961,NA,NA,NA
2021-03-28,"CB",582905,1.228,501384,1.249,88485,24800,9700,122985,21.099,NA,0,0,0,0,9360,1200,0,10560,1.812,105068,19564,85504,18.025,NA,1.419,2000,0.343,1.94,16249,2.788,4.927,1.396,62316,19564,42752,NA,NA,3.356,NA,NA,3.902,1721,279,0.295,0.048,1442,8454,7795,1.45,1.337,1.686,1.555,659,2.84,24.745,0.657,-10.495,15.554,NA,NA,NA
2021-03-29,"CB",582905,1.228,501384,1.249,88485,24800,9700,122985,21.099,1.445,0,0,0,0,9360,1200,0,10560,1.812,107067,21005,86062,18.368,87.057,1.414,1999,0.343,1.903,17010,2.918,4.683,1.361,64036,21005,43031,10.986,7.382,3.604,12.772,8.582,4.189,1720,279,0.295,0.048,1441,10129,6881,1.738,1.18,2.02,1.372,3248,2.76,19.813,0.653,-11.725,15.147,17.671,4.948,34.512
2021-03-30,"CB",582905,1.228,501384,1.249,88485,24800,9700,122985,21.099,1.445,0,0,0,0,9360,1200,0,10560,1.812,109864,23394,86470,18.848,89.331,1.42,2797,0.48,2.612,18849,3.234,10.811,1.42,66629,23394,43235,11.431,7.417,4.013,13.289,8.623,4.666,2593,204,0.445,0.035,2389,12117,6732,2.079,1.155,2.417,1.343,5385,4.049,19.627,0.474,-2.165,15.635,17.671,6.513,33.112
2021-03-31,"CB",582905,1.228,501384,1.249,97845,26200,15300,139345,23.905,1.438,9360,1400,5600,16360,9360,1400,5600,16360,2.807,114080,25968,88112,19.571,81.869,1.42,4216,0.723,3.837,19927,3.419,5.719,1.408,70024,25968,44056,12.013,7.558,4.455,13.966,8.787,5.179,3395,821,0.582,0.141,2574,14881,5046,2.553,0.866,2.968,1.006,9835,5.095,22.811,1.899,-25.045,15.635,17.101,7.269,31.787
2021-04-01,"CB",582905,1.228,501384,1.249,97845,26200,15300,139345,23.905,1.438,0,0,0,0,9360,1400,5600,16360,2.807,114080,25968,88112,19.571,81.869,1.368,0,0,0,16779,2.879,-15.798,1.117,70024,25968,44056,12.013,7.558,4.455,13.966,8.787,5.179,0,0,0,0,0,13054,3725,2.239,0.639,2.604,0.743,9329,0,-12.277,0,-26.179,11.401,17.101,2.798,28.21
2021-04-02,"CB",582905,1.228,501384,1.249,97845,26200,15300,139345,23.905,NA,0,0,0,0,9360,1400,5600,16360,2.807,117208,28338,88870,20.108,NA,1.388,3128,0.537,2.742,16139,2.769,-3.814,1.171,72772,28337,44435,NA,NA,4.861,NA,NA,5.652,2748,379,0.471,0.065,2369,13897,2241,2.384,0.384,2.772,0.447,11656,3.924,6.458,0.86,-39.839,13.029,NA,NA,NA
2021-04-03,"CB",582905,1.228,501384,1.249,97845,26200,15300,139345,23.905,1.438,0,0,0,0,9360,1400,5600,16360,2.807,120335,30707,89628,20.644,86.358,1.408,3127,0.536,2.668,17267,2.962,6.989,1.315,75521,30707,44814,12.956,7.688,5.268,15.063,8.938,6.124,2749,379,0.472,0.065,2370,14926,2341,2.561,0.402,2.977,0.467,12585,3.778,7.404,0.853,4.462,14.658,17.101,7.715,28.39
2021-04-04,"CB",582905,1.228,501384,1.249,97845,26200,15300,139345,23.905,NA,0,0,0,0,9360,1400,5600,16360,2.807,120543,30915,89628,20.68,NA,1.394,208,0.036,0.173,15475,2.655,-10.378,1.245,75729,30915,44814,NA,NA,5.304,NA,NA,6.166,208,0,0.036,0,208,13413,2062,2.301,0.354,2.675,0.411,11351,0.275,-10.137,0,-11.918,13.518,NA,NA,NA
2021-04-05,"CB",582905,1.228,501384,1.249,97845,26200,15300,139345,23.905,1.438,0,0,0,0,9360,1400,5600,16360,2.807,120751,31123,89628,20.715,86.656,1.381,208,0.036,0.173,13684,2.348,-11.574,1.167,75937,31123,44814,13.027,7.688,5.339,15.145,8.938,6.207,208,0,0.036,0,208,11901,1783,2.042,0.306,2.374,0.356,10118,0.275,-11.273,0,-13.531,12.459,17.101,4.93,27.878
2021-04-06,"CB",582905,1.228,501384,1.249,115395,38800,15300,169495,29.078,1.423,17550,12600,0,30150,26910,14000,5600,46510,7.979,122107,32385,89722,20.948,72.042,1.354,1356,0.233,1.123,12243,2.1,-10.531,0.953,77246,32385,44861,13.252,7.696,5.556,15.407,8.947,6.459,1309,47,0.225,0.008,1262,10617,1626,1.821,0.279,2.118,0.324,8991,1.724,-10.789,0.105,-8.805,10.261,15.879,2.769,25.834
2021-04-07,"CB",582905,1.228,501384,1.249,115395,38800,15300,169495,29.078,1.423,0,0,0,0,17550,12600,0,30150,5.172,127290,37368,89922,21.837,75.1,1.36,5183,0.889,4.245,13210,2.266,7.898,0.999,82329,37368,44961,14.124,7.713,6.411,16.42,8.967,7.453,5083,100,0.872,0.017,4983,12305,905,2.111,0.155,2.454,0.181,11400,6.58,15.899,0.223,-44.342,10.749,15.879,4.46,24.403
2021-04-08,"CB",582905,1.228,501384,1.249,115395,38800,15300,169495,29.078,1.413,0,0,0,0,17550,12600,0,30150,5.172,128539,38615,89924,22.051,75.836,1.31,1249,0.214,0.981,14459,2.481,9.455,0.984,83577,38615,44962,14.338,7.713,6.625,16.669,8.968,7.702,1248,1,0.214,0,1247,13553,906,2.325,0.155,2.703,0.181,12647,1.516,10.142,0.002,0.11,6.678,15.065,0.182,21.178
2021-04-09,"CB",582905,1.228,501384,1.249,115395,38800,15300,169495,29.078,1.413,0,0,0,0,17550,12600,0,30150,5.172,133391,43337,90054,22.884,78.699,1.304,4852,0.832,3.775,16183,2.776,11.923,0.906,88364,43337,45027,15.159,7.725,7.435,17.624,8.981,8.643,4787,65,0.821,0.011,4722,15592,592,2.675,0.102,3.11,0.118,15000,5.728,15.045,0.145,-34.658,6.189,15.065,0.464,19.323
2021-04-10,"CB",582905,1.228,501384,1.249,115395,38800,15300,169495,29.078,NA,0,0,0,0,17550,12600,0,30150,5.172,135914,45647,90267,23.317,NA,1.305,2523,0.433,1.891,15579,2.673,-3.732,0.834,90781,45648,45133,NA,NA,7.831,NA,NA,9.104,2417,106,0.415,0.018,2311,15260,319,2.618,0.055,3.044,0.064,14941,2.735,-2.129,0.235,-46.115,6.27,NA,NA,NA
2021-04-11,"CB",582905,1.228,501384,1.249,115395,38800,15300,169495,29.078,NA,0,0,0,0,17550,12600,0,30150,5.172,138438,47959,90479,23.75,NA,1.306,2524,0.433,1.857,17895,3.07,14.866,0.916,93198,47958,45240,NA,NA,8.227,NA,NA,9.565,2417,107,0.415,0.018,2310,17469,426,2.997,0.073,3.484,0.085,17043,2.662,14.476,0.237,33.542,6.352,NA,NA,NA
2021-04-12,"CB",582905,1.228,501384,1.249,115395,38800,15300,169495,29.078,1.413,0,0,0,0,17550,12600,0,30150,5.172,140961,50269,90692,24.182,83.165,1.307,2523,0.433,1.822,20210,3.467,12.937,0.99,95615,50269,45346,16.403,7.779,8.624,19.07,9.044,10.026,2417,106,0.415,0.018,2311,19678,532,3.376,0.091,3.925,0.106,19146,2.593,12.645,0.234,24.883,6.433,15.065,1.391,18.745
2021-04-13,"CB",582905,1.228,501384,1.249,132945,40500,19900,193345,33.169,1.423,17550,1700,4600,23850,17550,1700,4600,23850,4.092,142877,51409,91468,24.511,73.897,1.29,1916,0.329,1.359,20770,3.563,2.771,1.012,97143,51409,45734,16.665,7.846,8.819,19.375,9.122,10.253,1528,388,0.262,0.067,1140,19897,873,3.413,0.15,3.968,0.174,19024,1.598,1.113,0.856,64.098,5.049,15.879,-0.377,18.717
