"fechas","ISO","poblacion","porc_pobl_total","poblacion_mayor_16a","porc_pobl_total_mayor_16a","dosis_entrega_pfizer","dosis_entrega_astra","dosis_entrega_moderna","dosis_entrega_janssen","dosis_entrega","dosis_entrega_100hab","porc_entregadas_sobre_total","dosis_diarias_entrega_pfizer","dosis_diarias_entrega_astra","dosis_diarias_entrega_moderna","dosis_diarias_entrega","dosis_7D_entrega_pfizer","dosis_7D_entrega_astra","dosis_7D_entrega_moderna","dosis_7D_entrega","dosis_7D_entrega_100hab","dosis_admin","dosis_primera","dosis_pauta_completa","dosis_admin_100hab","porc_admin_sobre_ccaa","porc_admin_vs_total","dosis_diarias_admin","dosis_diarias_admin_100hab","crec_diario_dosis_admin","dosis_diarias_primera","dosis_diarias_segunda","dosis_7D_admin","dosis_7D_admin_100hab","crec_7D_dosis_admin","porc_admin_vs_total_7D","personas_vacunadas","personas_pauta_completa","personas_1dosis","porc_personas_vacunadas","porc_personas_pauta_completa","porc_personas_vacunadas_16a","porc_personas_pauta_completa_16a","personas_vacunadas_diarias","personas_pauta_completa_diarias","porc_personas_vacunadas_diarias","porc_personas_pauta_completa_diarias","personas_vacunadas_7D","personas_pauta_completa_7D","porc_personas_vacunadas_7D","porc_personas_pauta_completa_7D","porc_personas_vacunadas_16a_7D","porc_personas_pauta_completa_16a_7D","crec_diario_personas_vacunadas","crec_7D_personas_vacunadas","crec_diario_personas_pauta_completa","crec_7D_personas_pauta_completa","desv_porc_admin_vs_total","desv_dosis_entrega","desv_porc_personas_vacunadas","desv_porc_personas_pauta_completa","fecha_30vacunados_ritmo7D","fecha_50vacunados_ritmo7D","fecha_70vacunados_ritmo7D","fecha_30inmunizados_ritmo7D","fecha_50inmunizados_ritmo7D","fecha_70inmunizados_ritmo7D","fecha_30inmunizados_16a_ritmo7D","fecha_50inmunizados_16a_ritmo7D","fecha_70inmunizados_16a_ritmo7D"
2021-01-05,"VC",5057353,10.658,4269305,10.639,61225,0,0,0,61225,1.211,8.23,61225,0,0,61225,61225,0,0,61225,1.211,8586,8586,0,0.17,14.024,6.162,8586,0.17,0,8586,0,8586,0.17,0,6.162,8586,0,8586,0.17,0,0.201,0,8586,0,0.17,0,8586,0,0.17,0,0.201,0,0,0,0,0,-42.184,-22.781,-42.177,NA,2022-12-13,2024-04-02,2025-07-22,NA,NA,NA,NA,NA,NA
2021-01-06,"VC",5057353,10.658,4269305,10.639,61225,0,0,0,61225,1.211,8.23,0,0,0,0,61225,0,0,61225,1.211,10132,10132,0,0.2,16.549,5.845,1546,0.031,18.006,1546,0,10132,0.2,18.006,5.845,10132,0,10132,0.2,0,0.237,0,1546,0,0.031,0,10132,0,0.2,0,0.237,0,18.006,18.006,NA,NA,-45.159,-22.781,-45.205,NA,2022-07-28,2023-08-15,2024-09-02,NA,NA,NA,NA,NA,NA
2021-01-07,"VC",5057353,10.658,4269305,10.639,61225,0,0,0,61225,1.211,8.23,0,0,0,0,61225,0,0,61225,1.211,11677,11677,0,0.231,19.072,5.632,1545,0.031,15.249,1545,0,11677,0.231,15.249,5.632,11677,0,11677,0.231,0,0.274,0,1545,0,0.031,0,11677,0,0.231,0,0.274,0,15.249,15.249,NA,NA,-47.157,-22.781,-47.14,NA,2022-04-25,2023-03-11,2024-01-26,NA,NA,NA,NA,NA,NA
2021-01-08,"VC",5057353,10.658,4269305,10.639,61225,0,0,0,61225,1.211,8.23,0,0,0,0,61225,0,0,61225,1.211,15965,15965,0,0.316,26.076,5.743,4288,0.085,36.722,4288,0,15965,0.316,36.722,5.743,15965,0,15965,0.316,0,0.374,0,4288,0,0.085,0,15965,0,0.316,0,0.374,0,36.722,36.722,NA,NA,-46.116,-22.781,-46.075,NA,2021-12-25,2022-08-21,2023-04-17,NA,NA,NA,NA,NA,NA
2021-01-09,"VC",5057353,10.658,4269305,10.639,61225,0,0,0,61225,1.211,8.23,0,0,0,0,61225,0,0,61225,1.211,25868,25868,0,0.511,42.251,8.067,9903,0.196,62.029,9903,0,25868,0.511,62.029,8.067,25868,0,25868,0.511,0,0.606,0,9903,0,0.196,0,25868,0,0.511,0,0.606,0,62.029,62.029,NA,NA,-24.31,-22.781,-24.408,NA,2021-11-08,2022-06-03,2022-12-27,NA,NA,NA,NA,NA,NA
2021-01-10,"VC",5057353,10.658,4269305,10.639,61225,0,0,0,61225,1.211,8.23,0,0,0,0,61225,0,0,61225,1.211,35771,35771,0,0.707,58.425,9.844,9903,0.196,38.283,9903,0,35771,0.707,38.283,9.844,35771,0,35771,0.707,0,0.838,0,9903,0,0.196,0,35771,0,0.707,0,0.838,0,38.283,38.283,NA,NA,-7.637,-22.781,-7.702,NA,2021-10-04,2022-04-04,2022-10-04,NA,NA,NA,NA,NA,NA
2021-01-11,"VC",5057353,10.658,4269305,10.639,61225,0,0,0,61225,1.211,8.23,0,0,0,0,61225,0,0,61225,1.211,45674,45674,0,0.903,74.6,11.247,9903,0.196,27.684,9903,0,45674,0.903,27.684,11.247,45674,0,45674,0.903,0,1.07,0,9903,0,0.196,0,45674,0,0.903,0,1.07,0,27.684,27.684,NA,NA,5.526,-22.781,5.491,NA,2021-09-06,2022-02-16,2022-07-30,NA,NA,NA,NA,NA,NA
2021-01-12,"VC",5057353,10.658,4269305,10.639,61225,0,0,0,61225,1.211,8.23,0,0,0,0,0,0,0,0,0,57223,57223,0,1.131,93.463,11.725,11549,0.228,25.286,11549,0,48637,0.962,6.487,13.948,57223,0,57223,1.131,0,1.34,0,11549,0,0.228,0,48637,0,0.962,0,1.139,0,25.286,6.487,NA,NA,10.011,-22.781,9.913,NA,2021-10-14,2022-04-23,2022-10-30,NA,NA,NA,NA,NA,NA
2021-01-13,"VC",5057353,10.658,4269305,10.639,91450,0,0,0,91450,1.808,8.286,30225,0,0,30225,30225,0,0,30225,0.598,70870,70870,0,1.401,77.496,12.185,13647,0.27,23.849,13647,0,60738,1.201,24.88,14.876,70870,0,70870,1.401,0,1.66,0,13647,0,0.27,0,60738,0,1.201,0,1.423,0,23.849,24.88,NA,NA,14.327,-22.256,14.274,NA,2021-09-04,2022-02-13,2022-07-26,NA,NA,NA,NA,NA,NA
2021-01-14,"VC",5057353,10.658,4269305,10.639,91450,0,2900,0,94350,1.866,8.281,0,0,2900,2900,30225,0,2900,33125,0.655,80429,80429,0,1.59,85.245,11.895,9559,0.189,13.488,9559,0,68752,1.359,13.194,14.664,80429,0,80429,1.59,0,1.884,0,9559,0,0.189,0,68752,0,1.359,0,1.61,0,13.488,13.194,NA,NA,11.606,-22.302,11.579,NA,2021-08-04,2021-12-24,2022-05-14,NA,NA,NA,NA,NA,NA
2021-01-15,"VC",5057353,10.658,4269305,10.639,91450,0,2900,0,94350,1.866,8.281,0,0,0,0,30225,0,2900,33125,0.655,86927,86927,0,1.719,92.132,11.305,6498,0.128,8.079,6498,0,70962,1.403,3.214,14.453,86927,0,86927,1.719,0,2.036,0,6498,0,0.128,0,70962,0,1.403,0,1.662,0,8.079,3.214,NA,NA,6.071,-22.302,6.046,NA,2021-07-25,2021-12-08,2022-04-22,NA,NA,NA,NA,NA,NA
2021-01-16,"VC",5057353,10.658,4269305,10.639,91450,0,2900,0,94350,1.866,8.271,0,0,0,0,30225,0,2900,33125,0.655,89183,89082,101,1.763,94.524,10.984,2256,0.045,2.595,2205,51,63315,1.252,-10.776,12.888,89132,51,89081,1.762,0.001,2.088,0.001,2205,51,0.044,0.001,63264,51,1.251,0.001,1.482,0.001,2.537,-10.848,Inf,Inf,3.059,-22.396,3.041,-50,2021-07-26,2021-12-08,2022-04-23,2308-07-04,2500-02-27,2691-10-24,2308-07-04,2500-02-27,2691-10-24
2021-01-17,"VC",5057353,10.658,4269305,10.639,91450,0,2900,0,94350,1.866,8.262,0,0,0,0,30225,0,2900,33125,0.655,91439,91236,203,1.808,96.915,10.695,2256,0.045,2.53,2206,50,55668,1.101,-12.078,11.325,91338,101,91237,1.806,0.002,2.139,0.002,2206,50,0.044,0.001,55567,101,1.099,0.002,1.302,0.002,2.475,-12.166,98.039,98.039,0.347,-22.481,0.445,-33.333,2021-07-27,2021-12-09,2022-04-24,2212-09-06,2340-06-13,2468-03-20,2164-10-07,2260-08-05,2356-06-03
2021-01-18,"VC",5057353,10.658,4269305,10.639,91450,0,2900,0,94350,1.866,8.252,0,0,0,0,30225,0,2900,33125,0.655,93695,93391,304,1.853,99.306,10.434,2256,0.045,2.467,2205,51,48021,0.95,-13.737,9.763,93543,152,93391,1.85,0.003,2.191,0.004,2205,51,0.044,0.001,47869,152,0.947,0.003,1.121,0.004,2.414,-13.854,50.495,50.495,-2.102,-22.575,-1.961,-40,2021-07-27,2021-12-10,2022-04-25,2136-01-09,2212-09-07,2289-05-06,2116-11-09,2180-09-27,2244-08-16
2021-01-19,"VC",5057353,10.658,4269305,10.639,91450,0,2900,0,94350,1.866,8.252,0,0,0,0,30225,0,2900,33125,0.655,95260,94084,1176,1.884,100.964,9.86,1565,0.031,1.67,1129,436,38037,0.752,-20.791,7.957,94672,588,94084,1.872,0.012,2.218,0.014,1129,436,0.022,0.009,37449,588,0.74,0.012,0.877,0.014,1.207,-21.768,286.842,286.842,-7.487,-22.575,-7.143,-40,2021-08-05,2021-12-24,2022-05-15,2049-10-12,2068-12-11,2088-02-10,2046-01-11,2062-09-11,2079-05-12
2021-01-20,"VC",5057353,10.658,4269305,10.639,109000,0,2900,0,111900,2.213,8.313,17550,0,0,17550,17550,0,2900,20450,0.404,99932,96458,3474,1.976,89.305,9.741,4672,0.092,4.904,3523,1149,29062,0.575,-23.595,6.541,98195,1737,96458,1.942,0.034,2.3,0.041,3523,1149,0.07,0.023,27325,1737,0.54,0.034,0.64,0.041,3.721,-27.034,195.408,195.408,-8.604,-22.002,-8.783,3.03,2021-08-24,2022-01-26,2022-06-30,2038-06-16,2050-01-27,2061-09-08,2035-10-11,2045-08-09,2055-06-08
2021-01-21,"VC",5057353,10.658,4269305,10.639,109000,0,2900,0,111900,2.213,8.313,0,0,0,0,17550,0,0,17550,0.347,101437,95525,5912,2.006,90.65,9.194,1505,0.03,1.506,286,1219,21008,0.415,-27.713,4.919,98481,2956,95525,1.947,0.058,2.307,0.069,286,1219,0.006,0.024,18052,2956,0.357,0.058,0.423,0.069,0.291,-33.936,70.178,70.178,-13.736,-22.002,-12.376,-43.689,2021-09-21,2022-03-16,2022-09-08,2026-08-14,2030-05-05,2034-01-23,2025-10-01,2028-11-21,2032-01-13
2021-01-22,"VC",5057353,10.658,4269305,10.639,109000,0,2900,0,111900,2.213,8.313,0,0,0,0,17550,0,0,17550,0.347,103426,95148,8278,2.045,92.427,8.871,1989,0.039,1.961,806,1183,16499,0.326,-21.463,4.157,99287,4139,95148,1.963,0.082,2.326,0.097,806,1183,0.016,0.023,12360,4139,0.244,0.082,0.29,0.097,0.818,-31.531,40.02,40.02,-16.767,-22.002,-15.132,-43.056,2021-10-29,2022-05-19,2022-12-07,2025-01-12,2027-09-11,2030-05-10,2024-05-27,2026-08-23,2028-11-19
2021-01-23,"VC",5057353,10.658,4269305,10.639,109000,0,2900,0,111900,2.213,8.313,0,0,0,0,17550,0,0,17550,0.347,103767,95227,8540,2.052,92.732,8.722,341,0.007,0.33,210,131,14584,0.288,-11.607,3.86,99497,4270,95227,1.967,0.084,2.331,0.1,210,131,0.004,0.003,10365,4219,0.205,0.083,0.243,0.099,0.212,-16.141,3.165,1.933,-18.165,-22.002,-16.262,-46.835,2021-11-21,2022-06-28,2023-02-03,2024-09-14,2027-02-23,2029-08-02,2024-02-25,2026-03-22,2028-04-17
2021-01-24,"VC",5057353,10.658,4269305,10.639,109000,0,2900,0,111900,2.213,8.313,0,0,0,0,17550,0,0,17550,0.347,104108,95306,8802,2.059,93.037,8.578,341,0.007,0.329,210,131,12669,0.251,-13.131,3.532,99707,4401,95306,1.972,0.087,2.335,0.103,210,131,0.004,0.003,8369,4300,0.165,0.085,0.196,0.101,0.211,-19.257,3.068,1.92,-19.516,-22.002,-17.317,-49.711,2021-12-19,2022-08-14,2023-04-10,2024-06-12,2026-09-18,2028-12-25,2023-12-02,2025-11-01,2027-10-02
2021-01-25,"VC",5057353,10.658,4269305,10.639,109000,0,2900,0,111900,2.213,8.313,0,0,0,0,17550,0,0,17550,0.347,104449,95385,9064,2.065,93.341,8.44,341,0.007,0.328,210,131,10754,0.213,-15.116,3.166,99917,4532,95385,1.976,0.09,2.34,0.106,210,131,0.004,0.003,6374,4380,0.126,0.087,0.149,0.103,0.211,-23.838,2.977,1.86,-20.811,-22.002,-18.381,-51.872,2022-01-21,2022-10-10,2023-06-29,2024-03-16,2026-04-24,2028-06-02,2023-09-21,2025-07-03,2027-04-15
2021-01-26,"VC",5057353,10.658,4269305,10.639,109000,0,2900,0,111900,2.213,8.313,0,0,0,0,17550,0,0,17550,0.347,105490,94704,10786,2.086,94.272,8.17,1041,0.021,0.997,180,861,10230,0.202,-4.873,3.147,100097,5393,94704,1.979,0.107,2.345,0.126,180,861,0.004,0.017,5425,4805,0.107,0.095,0.127,0.113,0.18,-14.889,18.998,9.703,-23.344,-22.002,-19.553,-59.004,2022-04-05,2023-02-14,2023-12-26,2023-06-08,2025-01-09,2026-08-13,2023-01-25,2024-05-30,2025-10-03
2021-01-27,"VC",5057353,10.658,4269305,10.639,142930,0,2900,0,145830,2.884,8.243,33930,0,0,33930,33930,0,0,33930,0.671,108454,93846,14608,2.144,74.37,7.995,2964,0.059,2.81,1053,1911,8522,0.169,-16.696,2.578,101150,7304,93846,2,0.144,2.369,0.171,1053,1911,0.021,0.038,2955,5567,0.058,0.11,0.069,0.13,1.052,-45.53,35.435,15.858,-24.986,-22.659,-19.808,-60.548,2022-07-08,2023-07-27,2024-08-13,2022-10-13,2023-12-09,2025-02-03,2022-07-09,2023-07-01,2024-06-22
2021-01-28,"VC",5057353,10.658,4269305,10.639,142930,0,2900,0,145830,2.884,8.243,0,0,0,0,33930,0,0,33930,0.671,109716,91820,17896,2.169,75.236,7.861,1262,0.025,1.164,-382,1644,8279,0.164,-2.851,2.832,100768,8948,91820,1.993,0.177,2.36,0.21,-382,1644,-0.008,0.033,2287,5992,0.045,0.118,0.054,0.14,-0.378,-22.606,22.508,7.634,-26.243,-22.659,-21.381,-56.404,2022-10-04,2023-12-25,2025-03-16,2022-12-12,2024-03-18,2025-06-23,2022-08-28,2023-09-23,2024-10-18
2021-01-29,"VC",5057353,10.658,4269305,10.639,142930,0,2900,0,145830,2.884,8.243,0,0,0,0,33930,0,0,33930,0.671,112272,89638,22634,2.22,76.988,7.616,2556,0.051,2.33,187,2369,8846,0.175,6.849,2.869,100955,11317,89638,1.996,0.224,2.365,0.265,187,2369,0.004,0.047,1668,7178,0.033,0.142,0.039,0.168,0.186,-27.066,26.475,19.793,-28.542,-22.659,-22.516,-57.815,2023-01-28,2024-07-14,2025-12-28,2022-07-16,2023-07-12,2024-07-08,2022-04-23,2023-02-24,2023-12-27
2021-01-30,"VC",5057353,10.658,4269305,10.639,142930,0,2900,0,145830,2.884,8.243,0,0,0,0,33930,0,0,33930,0.671,120218,82865,37353,2.377,82.437,7.913,7946,0.157,7.077,587,7359,16451,0.325,85.971,4.993,101541,18676,82865,2.008,0.369,2.378,0.437,586,7359,0.012,0.146,2044,14406,0.04,0.285,0.048,0.337,0.58,22.542,65.026,100.697,-25.755,-22.659,-22.65,-39.008,2023-03-14,2024-09-29,2026-04-16,2022-05-05,2023-03-14,2024-01-21,2022-02-22,2022-11-14,2023-08-06
2021-01-31,"VC",5057353,10.658,4269305,10.639,142930,0,2900,0,145830,2.884,8.243,0,0,0,0,33930,0,0,33930,0.671,128163,76092,52071,2.534,87.885,8.193,7945,0.157,6.609,585,7360,24055,0.476,46.222,6.862,102128,26036,76092,2.019,0.515,2.392,0.61,587,7360,0.012,0.146,2421,21635,0.048,0.428,0.057,0.507,0.578,18.444,39.409,50.18,-23.128,-22.659,-22.851,-24.265,2023-05-07,2024-12-30,2026-08-26,2022-03-11,2022-12-12,2023-09-15,2022-01-06,2022-08-27,2023-04-18
2021-02-01,"VC",5057353,10.658,4269305,10.639,142930,0,2900,0,145830,2.884,8.243,0,0,0,0,33930,0,0,33930,0.671,136109,69319,66790,2.691,93.334,8.458,7946,0.157,6.2,587,7359,31660,0.626,31.615,8.518,102714,33395,69319,2.031,0.66,2.406,0.782,586,7359,0.012,0.146,2797,28863,0.055,0.571,0.066,0.676,0.574,15.531,28.265,33.409,-20.642,-22.659,-22.981,-12.467,2023-07-07,2025-04-15,2027-01-24,2022-01-28,2022-10-01,2023-06-05,2021-12-01,2022-06-28,2023-01-22
2021-02-02,"VC",5057353,10.658,4269305,10.639,142930,0,2900,0,145830,2.884,8.243,0,0,0,0,33930,0,0,33930,0.671,147945,57987,89958,2.925,101.45,8.843,11836,0.234,8.696,252,11584,42455,0.839,34.097,11.119,102966,44979,57987,2.036,0.889,2.412,1.054,252,11584,0.005,0.229,2869,39586,0.057,0.783,0.067,0.927,0.245,2.574,34.688,37.151,-17.029,-22.659,-22.995,0.794,2023-12-15,2026-01-18,2028-02-22,2021-12-27,2022-08-09,2023-03-23,2021-11-04,2022-05-14,2022-11-20
2021-02-03,"VC",5057353,10.658,4269305,10.639,175690,0,7000,0,182690,3.612,8.234,32760,0,4100,36860,32760,0,4100,36860,0.729,162563,45659,116904,3.214,88.983,9.212,14618,0.289,9.881,1145,13473,54109,1.07,27.45,13.252,104111,58452,45659,2.059,1.156,2.439,1.369,1145,13473,0.023,0.266,2961,51148,0.059,1.011,0.069,1.198,1.112,3.207,29.954,29.207,-13.567,-22.743,-22.826,9.886,2024-02-07,2026-04-22,2028-07-04,2021-11-24,2022-06-16,2023-01-06,2021-10-08,2022-03-30,2022-09-18
2021-02-04,"VC",5057353,10.658,4269305,10.639,175690,0,7000,0,182690,3.612,8.234,0,0,0,0,32760,0,4100,36860,0.729,172754,37074,135680,3.416,94.561,9.261,10191,0.202,6.269,803,9388,63038,1.246,16.502,13.42,104914,67840,37074,2.074,1.341,2.457,1.589,803,9388,0.016,0.186,4146,58892,0.082,1.164,0.097,1.379,0.771,40.02,16.061,15.14,-13.108,-22.743,-23.071,8.583,2024-05-06,2026-09-22,2029-02-08,2021-10-04,2022-03-22,2022-09-07,2021-08-26,2022-01-16,2022-06-08
2021-02-05,"VC",5057353,10.658,4269305,10.639,175690,0,7000,0,182690,3.612,8.234,0,0,0,0,32760,0,4100,36860,0.729,182225,31071,151154,3.603,99.745,9.166,9471,0.187,5.482,1734,7737,69953,1.383,10.97,13.61,106648,75577,31071,2.109,1.494,2.498,1.77,1734,7737,0.034,0.153,5693,64260,0.113,1.271,0.133,1.505,1.653,37.313,11.405,9.115,-13.999,-22.743,-23.337,3.822,2024-01-30,2026-04-09,2028-06-17,2021-09-13,2022-02-14,2022-07-18,2021-08-08,2021-12-16,2022-04-26
2021-02-06,"VC",5057353,10.658,4269305,10.639,175690,0,7000,0,182690,3.612,8.234,0,0,0,0,32760,0,4100,36860,0.729,185117,28900,156217,3.66,101.328,9.132,2892,0.057,1.587,361,2531,64899,1.283,-7.225,12.778,107009,78108,28901,2.116,1.544,2.506,1.83,361,2531,0.007,0.05,5468,59432,0.108,1.175,0.128,1.392,0.338,-3.952,3.349,-7.513,-14.318,-22.743,-23.333,2.116,2024-04-13,2026-08-15,2028-12-16,2021-09-13,2022-02-15,2022-07-19,2021-08-09,2021-12-17,2022-04-27
2021-02-07,"VC",5057353,10.658,4269305,10.639,175690,0,7000,0,182690,3.612,8.234,0,0,0,0,32760,0,4100,36860,0.729,188010,26731,161279,3.718,102.912,9.1,2893,0.057,1.563,361,2532,59847,1.183,-7.784,11.926,107370,80640,26730,2.123,1.595,2.515,1.889,361,2532,0.007,0.05,5242,54604,0.104,1.08,0.123,1.279,0.337,-4.133,3.242,-8.124,-14.618,-22.743,-23.357,0.631,2024-07-06,2027-01-07,2029-07-10,2021-09-14,2022-02-16,2022-07-21,2021-08-10,2021-12-18,2022-04-28
2021-02-08,"VC",5057353,10.658,4269305,10.639,175690,0,7000,0,182690,3.612,8.234,0,0,0,0,32760,0,4100,36860,0.729,190902,24560,166342,3.775,104.495,9.069,2892,0.057,1.538,361,2531,54793,1.083,-8.445,11.052,107731,83171,24560,2.13,1.645,2.523,1.948,361,2531,0.007,0.05,5017,49776,0.099,0.984,0.118,1.166,0.336,-4.292,3.139,-8.842,-14.909,-22.743,-23.354,-0.724,2024-10-11,2027-06-24,2030-03-06,2021-09-15,2022-02-17,2022-07-22,2021-08-10,2021-12-19,2022-04-29
2021-02-09,"VC",5057353,10.658,4269305,10.639,175690,20600,7000,0,203290,4.02,8.426,0,20600,0,20600,32760,20600,4100,57460,1.136,196489,21783,174706,3.885,96.655,9.066,5587,0.11,2.927,1405,4182,48544,0.96,-11.405,9.823,109136,87353,21783,2.158,1.727,2.556,2.046,1405,4182,0.028,0.083,6170,42374,0.122,0.838,0.145,0.993,1.304,22.982,5.028,-14.871,-14.937,-20.942,-22.929,-2.319,2024-06-13,2026-11-27,2029-05-13,2021-09-20,2022-02-25,2022-08-02,2021-08-14,2021-12-26,2022-05-09
2021-02-10,"VC",5057353,10.658,4269305,10.639,207280,20600,15700,0,243580,4.816,8.357,31590,0,8700,40290,31590,20600,8700,60890,1.204,201983,22939,179044,3.994,82.923,9.044,5494,0.109,2.796,3325,2169,39420,0.779,-18.795,8.415,112461,89522,22939,2.224,1.77,2.634,2.097,3325,2169,0.066,0.043,8350,31070,0.165,0.614,0.196,0.728,3.047,35.332,2.483,-26.677,-15.144,-21.589,-21.441,-5.6,2024-04-14,2026-08-16,2028-12-16,2021-10-07,2022-03-26,2022-09-12,2021-08-28,2022-01-19,2022-06-12
2021-02-11,"VC",5057353,10.658,4269305,10.639,207280,20600,15700,0,243580,4.816,8.357,0,0,0,0,31590,20600,8700,60890,1.204,208242,26722,181520,4.118,85.492,8.974,6259,0.124,3.099,5021,1238,35488,0.702,-9.975,7.797,117482,90760,26722,2.323,1.795,2.752,2.126,5021,1238,0.099,0.024,12568,22920,0.249,0.453,0.294,0.537,4.465,50.515,1.383,-26.231,-15.8,-21.589,-19.952,-9.708,2023-08-16,2025-06-22,2027-04-30,2021-10-29,2022-05-03,2022-11-05,2021-09-16,2022-02-20,2022-07-28
2021-02-12,"VC",5057353,10.658,4269305,10.639,207280,20600,15700,0,243580,4.816,8.357,0,0,0,0,31590,20600,8700,60890,1.204,214010,29144,184866,4.232,87.86,8.832,5768,0.114,2.77,4095,1673,31785,0.628,-10.435,7.309,121577,92433,29144,2.404,1.828,2.848,2.165,4095,1673,0.081,0.033,14929,16856,0.295,0.333,0.35,0.395,3.486,18.786,1.843,-26.457,-17.133,-21.589,-19.813,-13.283,2023-03-19,2024-10-06,2026-04-25,2021-11-30,2022-06-28,2023-01-23,2021-10-13,2022-04-08,2022-10-02
2021-02-13,"VC",5057353,10.658,4269305,10.639,207280,20600,15700,0,243580,4.816,8.357,0,0,0,0,31590,20600,8700,60890,1.204,215947,29866,186081,4.27,88.655,8.746,1937,0.038,0.905,1330,607,30830,0.61,-3.005,6.973,122907,93040,29867,2.43,1.84,2.879,2.179,1330,607,0.026,0.012,15898,14932,0.314,0.295,0.372,0.35,1.094,6.491,0.657,-11.414,-17.94,-21.589,-20.223,-14.696,2022-12-04,2024-04-07,2025-08-09,2021-12-12,2022-07-17,2023-02-19,2021-10-22,2022-04-24,2022-10-24
2021-02-14,"VC",5057353,10.658,4269305,10.639,207280,20600,15700,0,243580,4.816,8.357,0,0,0,0,31590,20600,8700,60890,1.204,217885,30590,187295,4.308,89.451,8.662,1938,0.038,0.897,1330,608,29875,0.591,-3.098,6.649,124237,93648,30589,2.457,1.852,2.91,2.194,1330,608,0.026,0.012,16867,13008,0.334,0.257,0.395,0.305,1.082,6.095,0.653,-12.885,-18.728,-21.589,-20.614,-16.047,2022-09-16,2023-11-21,2025-01-25,2021-12-23,2022-08-05,2023-03-18,2021-11-01,2022-05-11,2022-11-17
2021-02-15,"VC",5057353,10.658,4269305,10.639,207280,20600,15700,0,243580,4.816,8.357,0,0,0,0,31590,20600,8700,60890,1.204,219822,31312,188510,4.347,90.246,8.581,1937,0.038,0.889,1330,607,28920,0.572,-3.197,6.334,125567,94255,31312,2.483,1.864,2.941,2.208,1330,607,0.026,0.012,17836,11084,0.353,0.219,0.418,0.26,1.071,5.745,0.648,-14.791,-19.488,-21.589,-20.999,-17.339,2022-07-16,2023-08-05,2024-08-23,2022-01-05,2022-08-27,2023-04-19,2021-11-12,2022-05-29,2022-12-13
2021-02-16,"VC",5057353,10.658,4269305,10.639,207280,20600,15700,0,243580,4.816,8.357,0,0,0,0,31590,0,8700,40290,0.797,224560,33442,191118,4.44,92.191,8.556,4738,0.094,2.155,3434,1304,28071,0.555,-2.936,6.139,129001,95559,33442,2.551,1.89,3.022,2.238,3434,1304,0.068,0.026,19865,8206,0.393,0.162,0.465,0.192,2.735,11.376,1.383,-25.965,-19.722,-21.589,-20.752,-18.253,2022-05-08,2023-04-06,2024-03-05,2022-02-07,2022-10-22,2023-07-06,2021-12-09,2022-07-15,2023-02-18
2021-02-17,"VC",5057353,10.658,4269305,10.639,247060,44500,15700,0,307260,6.076,8.483,39780,23900,0,63680,39780,23900,0,63680,1.259,228180,36100,192080,4.512,74.263,8.481,3620,0.072,1.612,3139,481,26197,0.518,-6.676,5.73,132140,96040,36100,2.613,1.899,3.095,2.25,3139,481,0.062,0.01,19679,6518,0.389,0.129,0.461,0.153,2.433,-0.936,0.503,-20.57,-20.426,-20.407,-21.081,-19.5,2022-03-13,2022-12-29,2023-10-17,2022-03-23,2023-01-07,2023-10-23,2022-01-16,2022-09-17,2023-05-20
2021-02-18,"VC",5057353,10.658,4269305,10.639,247060,44500,15700,0,307260,6.076,8.483,0,0,0,0,39780,23900,0,63680,1.259,233828,40380,193448,4.624,76.101,8.403,5648,0.112,2.475,4964,684,25586,0.506,-2.332,5.535,137104,96724,40380,2.711,1.913,3.211,2.266,4964,684,0.098,0.014,19622,5964,0.388,0.118,0.46,0.14,3.757,-0.29,0.712,-8.5,-21.158,-20.407,-21.466,-20.688,2022-01-21,2022-10-03,2023-06-14,2022-05-19,2023-04-14,2024-03-09,2022-03-03,2022-12-07,2023-09-12
2021-02-19,"VC",5057353,10.658,4269305,10.639,247060,44500,15700,0,307260,6.076,8.483,0,0,0,0,39780,23900,0,63680,1.259,254502,59734,194768,5.032,82.83,8.668,20674,0.409,8.842,20014,660,40492,0.801,58.258,7.894,157118,97384,59734,3.107,1.926,3.68,2.281,20014,660,0.396,0.013,35541,4951,0.703,0.098,0.832,0.116,14.598,81.128,0.682,-16.985,-18.671,-20.407,-16.478,-21.961,2021-10-31,2022-05-13,2022-11-23,2022-08-09,2023-09-03,2024-09-27,2022-05-11,2023-04-05,2024-02-28
2021-02-20,"VC",5057353,10.658,4269305,10.639,247060,44500,15700,0,307260,6.076,8.483,0,0,0,0,39780,23900,0,63680,1.259,259670,64087,195583,5.135,84.511,8.692,5168,0.102,2.031,4761,407,43723,0.865,7.979,8.437,161879,97791,64088,3.201,1.934,3.792,2.291,4761,407,0.094,0.008,38972,4751,0.771,0.094,0.913,0.111,3.03,9.654,0.418,-4.04,-18.446,-20.407,-15.984,-22.204,2021-10-18,2022-04-19,2022-10-20,2022-09-28,2023-11-27,2025-01-26,2022-06-21,2023-06-16,2024-06-10
2021-02-21,"VC",5057353,10.658,4269305,10.639,247060,44500,15700,0,307260,6.076,8.483,0,0,0,0,39780,23900,0,63680,1.259,264839,68442,196397,5.237,86.194,8.715,5169,0.102,1.991,4761,408,46954,0.928,7.39,8.97,166640,98199,68441,3.295,1.942,3.903,2.3,4761,408,0.094,0.008,42403,4551,0.838,0.09,0.993,0.107,2.941,8.804,0.417,-4.21,-18.23,-20.407,-15.513,-22.444,2021-10-05,2022-03-28,2022-09-18,2022-11-28,2024-03-12,2025-06-25,2022-08-11,2023-09-11,2024-10-12
2021-02-22,"VC",5057353,10.658,4269305,10.639,247060,44500,15700,0,307260,6.076,8.483,0,0,0,0,39780,23900,0,63680,1.259,270007,72795,197212,5.339,87.876,8.737,5168,0.102,1.951,4761,407,50185,0.992,6.881,9.491,171401,98606,72795,3.389,1.95,4.015,2.31,4761,407,0.094,0.008,45834,4351,0.906,0.086,1.074,0.102,2.857,8.091,0.414,-4.395,-18.024,-20.407,-15.063,-22.711,2021-09-24,2022-03-09,2022-08-21,2023-02-09,2024-07-16,2025-12-20,2022-10-13,2023-12-30,2025-03-17
2021-02-23,"VC",5057353,10.658,4269305,10.639,247060,44500,15700,0,307260,6.076,8.483,0,0,0,0,39780,23900,0,63680,1.259,273978,75888,198090,5.417,89.168,8.656,3971,0.079,1.471,3532,439,49418,0.977,-1.528,9.14,174933,99045,75888,3.459,1.958,4.097,2.32,3532,439,0.07,0.009,45932,3486,0.908,0.069,1.076,0.082,2.061,0.214,0.445,-19.88,-18.784,-20.407,-16.125,-23.095,2021-09-11,2022-02-12,2022-07-17,2023-05-21,2025-01-06,2026-08-25,2023-01-03,2024-05-21,2025-10-06
2021-02-24,"VC",5057353,10.658,4269305,10.639,288010,86200,15700,0,389910,7.71,8.648,40950,41700,0,82650,40950,41700,0,82650,1.634,286962,86544,200418,5.674,73.597,8.736,12984,0.257,4.739,11820,1164,58782,1.162,18.949,9.892,186753,100209,86544,3.693,1.981,4.374,2.347,11820,1164,0.234,0.023,54613,4169,1.08,0.082,1.279,0.098,6.757,18.9,1.175,19.593,-18.033,-18.859,-15.084,-23.038,2021-08-16,2021-12-29,2022-05-13,2023-08-05,2025-05-18,2027-02-28,2023-03-08,2024-09-10,2026-03-15
2021-02-25,"VC",5057353,10.658,4269305,10.639,288010,86200,15700,0,389910,7.71,8.648,0,0,0,0,40950,41700,0,82650,1.634,301372,99786,201586,5.959,77.293,8.771,14410,0.285,5.022,13826,584,67544,1.336,14.906,10.337,200579,100793,99786,3.966,1.993,4.698,2.361,13826,584,0.273,0.012,63475,4069,1.255,0.08,1.487,0.095,7.403,16.227,0.583,-2.399,-17.705,-18.859,-14.636,-23.228,2021-07-23,2021-11-18,2022-03-15,2024-01-03,2026-02-02,2028-03-04,2023-07-13,2025-04-18,2027-01-24
2021-02-26,"VC",5057353,10.658,4269305,10.639,288010,86200,15700,0,389910,7.71,8.648,0,0,0,0,40950,41700,0,82650,1.634,313175,110515,202660,6.192,80.32,8.686,11803,0.233,3.916,11266,537,58673,1.16,-13.134,8.762,211845,101330,110515,4.189,2.004,4.962,2.373,11266,537,0.223,0.011,54727,3946,1.082,0.078,1.282,0.092,5.617,-13.782,0.533,-3.023,-18.503,-18.859,-15.833,-23.541,2021-07-15,2021-11-03,2022-02-22,2024-08-01,2027-02-02,2029-08-05,2024-01-02,2026-02-13,2028-03-28
2021-02-27,"VC",5057353,10.658,4269305,10.639,288010,86200,15700,0,389910,7.71,8.648,0,0,0,0,40950,41700,0,82650,1.634,316618,113501,203117,6.261,81.203,8.603,3443,0.068,1.099,3214,229,56948,1.126,-2.94,8.22,215060,101559,113501,4.252,2.008,5.037,2.379,3215,229,0.064,0.005,53181,3768,1.052,0.075,1.246,0.088,1.518,-2.825,0.226,-4.511,-19.281,-18.859,-16.986,-23.766,2021-07-09,2021-10-24,2022-02-08,2024-09-13,2027-04-17,2029-11-18,2024-02-07,2026-04-17,2028-06-25
2021-02-28,"VC",5057353,10.658,4269305,10.639,288010,86200,15700,0,389910,7.71,8.648,0,0,0,0,40950,41700,0,82650,1.634,320062,116487,203575,6.329,82.086,8.524,3444,0.068,1.088,3216,228,55223,1.092,-3.029,7.713,218274,101787,116487,4.316,2.013,5.113,2.384,3214,228,0.064,0.005,51634,3588,1.021,0.071,1.209,0.084,1.494,-2.909,0.225,-4.777,-20.023,-18.859,-18.056,-23.952,2021-07-04,2021-10-15,2022-01-25,2024-11-07,2027-07-21,2030-04-02,2024-03-23,2026-07-04,2028-10-15
2021-03-01,"VC",5057353,10.658,4269305,10.639,288010,86200,15700,0,389910,7.71,8.648,0,0,0,0,40950,41700,0,82650,1.634,323505,119473,204032,6.397,82.969,8.448,3443,0.068,1.076,3214,229,53498,1.058,-3.124,7.238,221489,102016,119473,4.38,2.017,5.188,2.39,3215,229,0.064,0.005,50088,3410,0.99,0.067,1.173,0.08,1.473,-2.994,0.225,-4.961,-20.736,-18.859,-19.054,-24.144,2021-06-30,2021-10-06,2022-01-13,2024-12-26,2027-10-14,2030-08-01,2024-05-11,2026-09-28,2029-02-13
2021-03-02,"VC",5057353,10.658,4269305,10.639,288010,86200,15700,0,389910,7.71,8.648,0,0,0,0,40950,41700,0,82650,1.634,323505,119473,204032,6.397,82.969,8.276,0,0,0,0,0,49527,0.979,-7.423,6.661,221489,102016,119473,4.38,2.017,5.188,2.39,0,0,0,0,46556,2971,0.921,0.059,1.09,0.07,0,-7.052,0,-12.874,-22.349,-18.859,-21.336,-24.457,2021-06-28,2021-10-03,2022-01-08,2025-06-04,2028-07-16,2031-08-28,2024-09-08,2027-04-25,2029-12-09
2021-03-03,"VC",5057353,10.658,4269305,10.639,340660,124700,31700,0,497060,9.828,8.902,52650,38500,16000,107150,52650,38500,16000,107150,2.119,349392,137958,211434,6.909,70.292,8.607,25887,0.512,8.002,22186,3701,62430,1.234,26.052,8.059,243675,105717,137958,4.818,2.09,5.708,2.476,22186,3701,0.439,0.073,56922,5508,1.126,0.109,1.333,0.129,10.017,22.266,3.628,85.392,-19.244,-16.476,-17.542,-22.935,2021-06-24,2021-09-25,2021-12-28,2024-12-06,2027-09-09,2030-06-12,2024-04-19,2026-08-21,2028-12-21
2021-03-04,"VC",5057353,10.658,4269305,10.639,340660,124700,31700,0,497060,9.828,8.902,0,0,0,0,52650,38500,16000,107150,2.119,370712,151894,218818,7.33,74.581,8.766,21320,0.422,6.102,17628,3692,69340,1.371,11.068,8.745,261303,109409,151894,5.167,2.163,6.121,2.563,17628,3692,0.349,0.073,60724,8616,1.201,0.17,1.422,0.202,7.234,6.679,3.492,56.427,-17.752,-16.476,-16.038,-21.574,2021-06-22,2021-09-23,2021-12-25,2024-05-16,2026-09-22,2029-01-28,2023-11-03,2025-11-01,2027-11-01
2021-03-05,"VC",5057353,10.658,4269305,10.639,340660,124700,31700,0,497060,9.828,8.902,0,0,0,0,52650,38500,16000,107150,2.119,394016,167866,226150,7.791,79.269,8.812,23304,0.461,6.286,19638,3666,80841,1.598,16.586,9.336,280941,113075,167866,5.555,2.236,6.58,2.649,19638,3666,0.388,0.072,69096,11745,1.366,0.232,1.618,0.275,7.515,13.787,3.351,36.316,-17.32,-16.476,-15.757,-20.961,2021-06-14,2021-09-08,2021-12-04,2023-09-05,2025-07-09,2027-05-13,2023-04-02,2024-10-22,2026-05-14
2021-03-06,"VC",5057353,10.658,4269305,10.639,340660,124700,31700,0,497060,9.828,8.902,0,0,0,0,52650,38500,16000,107150,2.119,394018,167867,226151,7.791,79.27,8.656,2,0,0.001,1,1,77400,1.53,-4.257,8.881,280942,113076,167866,5.555,2.236,6.581,2.649,1,1,0,0,65882,11517,1.303,0.228,1.543,0.27,0,-4.651,0.001,-1.941,-18.784,-16.476,-17.52,-21.763,2021-06-14,2021-09-09,2021-12-05,2023-07-02,2025-03-18,2026-12-03,2023-02-07,2024-07-19,2025-12-29
2021-03-07,"VC",5057353,10.658,4269305,10.639,340660,124700,31700,0,497060,9.828,8.902,0,0,0,0,52650,38500,16000,107150,2.119,394019,167866,226153,7.791,79.27,8.506,1,0,0,1,0,73957,1.462,-4.448,8.432,280943,113076,167867,5.555,2.236,6.581,2.649,1,0,0,0,62669,11289,1.239,0.223,1.468,0.264,0,-4.877,0,-1.98,-20.191,-16.476,-19.2,-22.549,2021-06-15,2021-09-10,2021-12-06,2023-05-06,2024-12-10,2026-07-16,2022-12-22,2024-04-28,2025-09-03
2021-03-08,"VC",5057353,10.658,4269305,10.639,340660,124700,31700,0,497060,9.828,8.902,0,0,0,0,52650,38500,16000,107150,2.119,394021,167867,226154,7.791,79.27,8.362,2,0,0.001,1,1,70516,1.394,-4.653,7.988,280944,113077,167867,5.555,2.236,6.581,2.649,1,1,0,0,59455,11061,1.176,0.219,1.393,0.259,0,-5.129,0.001,-2.02,-21.543,-16.476,-20.813,-23.32,2021-06-16,2021-09-11,2021-12-07,2023-03-18,2024-09-15,2026-03-16,2022-11-11,2024-02-16,2025-05-23
2021-03-09,"VC",5057353,10.658,4269305,10.639,340660,124700,31700,0,497060,9.828,8.902,0,0,0,0,52650,38500,16000,107150,2.119,426373,185555,240818,8.431,85.779,8.794,32352,0.64,8.211,25020,7332,102868,2.034,45.879,10.944,305964,120409,185555,6.05,2.381,7.167,2.82,25020,7332,0.495,0.145,84475,18393,1.67,0.364,1.979,0.431,8.906,42.082,6.484,66.287,-17.489,-16.476,-16.46,-19.993,2021-06-12,2021-09-03,2021-11-26,2022-11-15,2024-02-14,2025-05-15,2022-08-01,2023-08-22,2024-09-11
2021-03-10,"VC",5057353,10.658,4269305,10.639,395650,181300,31700,0,608650,12.035,9.145,54990,56600,0,111590,54990,56600,0,111590,2.206,436903,188215,248688,8.639,71.782,8.756,10530,0.208,2.47,6595,3935,87511,1.73,-14.929,9.408,312559,124344,188215,6.18,2.459,7.321,2.913,6595,3935,0.13,0.078,68884,18627,1.362,0.368,1.613,0.436,2.155,-18.456,3.268,1.272,-17.846,-14.196,-17.203,-19.403,2021-06-15,2021-09-09,2021-12-05,2022-09-17,2023-11-04,2024-12-21,2022-06-13,2023-05-28,2024-05-11
2021-03-11,"VC",5057353,10.658,4269305,10.639,395650,181300,31700,0,608650,12.035,9.145,0,0,0,0,54990,56600,0,111590,2.206,448396,187622,260774,8.866,73.671,8.67,11493,0.227,2.631,5450,6043,77684,1.536,-11.229,8.238,318009,130387,187622,6.288,2.578,7.449,3.054,5450,6043,0.108,0.119,56706,20978,1.121,0.415,1.328,0.491,1.744,-17.679,4.86,12.621,-18.653,-14.196,-18.676,-18.624,2021-06-17,2021-09-14,2021-12-12,2022-06-12,2023-05-19,2024-04-25,2022-03-25,2023-01-08,2023-10-25
2021-03-12,"VC",5057353,10.658,4269305,10.639,395650,181300,31700,0,608650,12.035,9.145,0,0,0,0,54990,56600,0,111590,2.206,465589,179379,286210,9.206,76.495,8.698,17193,0.34,3.834,4475,12718,71573,1.415,-7.866,8.122,322484,143105,179379,6.377,2.83,7.554,3.352,4475,12718,0.088,0.251,41543,30030,0.821,0.594,0.973,0.703,1.407,-26.74,9.754,43.15,-18.39,-14.196,-19.726,-15.193,2021-07-04,2021-10-16,2022-01-27,2022-03-15,2022-12-16,2023-09-18,2022-01-09,2022-08-31,2023-04-21
2021-03-13,"VC",5057353,10.658,4269305,10.639,395650,181300,31700,0,608650,12.035,9.145,0,0,0,0,54990,56600,0,111590,2.206,470544,177459,293085,9.304,77.309,8.634,4955,0.098,1.064,1517,3438,76526,1.513,6.92,8.518,324001,146543,177458,6.407,2.898,7.589,3.432,1517,3438,0.03,0.068,43059,33467,0.851,0.662,1.009,0.784,0.47,3.649,2.402,11.445,-18.99,-14.196,-20.627,-15.114,2021-07-05,2021-10-18,2022-01-31,2022-02-10,2022-10-20,2023-06-29,2021-12-14,2022-07-14,2023-02-12
2021-03-14,"VC",5057353,10.658,4269305,10.639,395650,181300,31700,0,608650,12.035,9.145,0,0,0,0,54990,56600,0,111590,2.206,475499,175538,299961,9.402,78.124,8.571,4955,0.098,1.053,1518,3437,81480,1.611,6.474,8.9,325519,149980,175539,6.437,2.966,7.625,3.513,1518,3437,0.03,0.068,44576,36904,0.881,0.73,1.044,0.864,0.469,3.523,2.345,10.27,-19.582,-14.196,-21.49,-15.063,2021-07-07,2021-10-20,2022-02-03,2022-01-14,2022-09-03,2023-04-22,2021-11-22,2022-06-06,2022-12-18
2021-03-15,"VC",5057353,10.658,4269305,10.639,395650,181300,31700,0,608650,12.035,9.145,0,0,0,0,54990,56600,0,111590,2.206,480454,173618,306836,9.5,78.938,8.511,4955,0.098,1.042,1517,3438,86433,1.709,6.079,9.267,327036,153418,173618,6.467,3.034,7.66,3.594,1517,3438,0.03,0.068,46092,40341,0.911,0.798,1.08,0.945,0.466,3.401,2.292,9.313,-20.144,-14.196,-22.337,-14.99,2021-07-08,2021-10-23,2022-02-07,2021-12-22,2022-07-24,2023-02-24,2021-11-03,2022-05-03,2022-10-31
2021-03-16,"VC",5057353,10.658,4269305,10.639,395650,181300,31700,0,608650,12.035,9.145,0,0,0,0,54990,56600,0,111590,2.206,486767,177303,309464,9.625,79.975,8.477,6313,0.125,1.314,4999,1314,60394,1.194,-30.126,6.759,332035,154732,177303,6.565,3.06,7.777,3.624,4999,1314,0.099,0.026,26071,34323,0.516,0.679,0.611,0.804,1.529,-43.437,0.856,-14.918,-20.464,-14.196,-22.39,-16.003,2021-07-17,2021-11-09,2022-03-04,2021-12-17,2022-07-15,2023-02-10,2021-10-30,2022-04-25,2022-10-20
2021-03-17,"VC",5057353,10.658,4269305,10.639,450640,205400,57800,0,713840,14.115,9.29,54990,24100,26100,105190,54990,24100,26100,105190,2.08,486769,177305,309464,9.625,68.19,8.311,2,0,0,2,0,49866,0.986,-17.432,5.748,332037,154732,177305,6.565,3.06,7.777,3.624,2,0,0,0,19478,30388,0.385,0.601,0.456,0.712,0.001,-25.289,0,-11.465,-22.021,-12.835,-23.126,-19.537,2021-08-03,2021-12-11,2022-04-20,2021-11-15,2022-05-21,2022-11-23,2021-10-03,2022-03-10,2022-08-14
2021-03-18,"VC",5057353,10.658,4269305,10.639,450640,205400,57800,0,713840,14.115,9.29,0,0,0,0,54990,24100,26100,105190,2.08,530413,176819,353594,10.488,74.304,8.85,43644,0.863,8.966,21579,22065,82017,1.622,64.475,9.987,353616,176797,176819,6.992,3.496,8.283,4.141,21579,22065,0.427,0.436,35607,46410,0.704,0.918,0.834,1.087,6.499,82.806,14.26,52.725,-16.964,-12.835,-19.205,-12.072,2021-08-27,2022-01-25,2022-06-26,2021-10-29,2022-04-20,2022-10-10,2021-09-19,2022-02-12,2022-07-09
2021-03-19,"VC",5057353,10.658,4269305,10.639,450640,205400,57800,0,713840,14.115,9.29,0,0,0,0,54990,24100,26100,105190,2.08,537876,173512,364364,10.636,75.35,8.853,7463,0.148,1.407,2078,5385,72287,1.429,-11.863,10.002,355694,182182,173512,7.033,3.602,8.331,4.267,2078,5385,0.041,0.106,33210,39077,0.657,0.773,0.778,0.915,0.588,-6.732,3.046,-15.8,-16.936,-12.835,-19.244,-12.018,2021-09-29,2022-03-31,2022-09-30,2021-11-13,2022-05-16,2022-11-17,2021-10-01,2022-03-06,2022-08-10
2021-03-20,"VC",5057353,10.658,4269305,10.639,450640,205400,57800,0,713840,14.115,9.29,0,0,0,0,54990,24100,26100,105190,2.08,545340,170206,375134,10.783,76.395,8.856,7464,0.148,1.388,2079,5385,74796,1.479,3.471,10.572,357773,187567,170206,7.074,3.709,8.38,4.393,2079,5385,0.041,0.106,33772,41024,0.668,0.811,0.791,0.961,0.584,1.692,2.956,4.982,-16.907,-12.835,-19.283,-11.942,2021-10-20,2022-05-10,2022-11-28,2021-11-01,2022-04-25,2022-10-18,2021-09-21,2022-02-16,2022-07-15
2021-03-21,"VC",5057353,10.658,4269305,10.639,450640,205400,57800,0,713840,14.115,9.29,0,0,0,0,54990,24100,26100,105190,2.08,552804,166900,385904,10.931,77.441,8.859,7464,0.148,1.369,2079,5385,77305,1.529,3.354,11.167,359852,192952,166900,7.115,3.815,8.429,4.52,2079,5385,0.041,0.106,34333,42972,0.679,0.85,0.804,1.007,0.581,1.661,2.871,4.748,-16.879,-12.835,-19.322,-11.894,2021-11-15,2022-06-28,2023-02-09,2021-10-21,2022-04-06,2022-09-19,2021-09-12,2022-01-31,2022-06-21
2021-03-22,"VC",5057353,10.658,4269305,10.639,450640,205400,57800,0,713840,14.115,9.29,0,0,0,0,54990,24100,26100,105190,2.08,560267,163593,396674,11.078,78.486,8.862,7463,0.148,1.35,2078,5385,79813,1.578,3.244,11.789,361930,198337,163593,7.157,3.922,8.477,4.646,2078,5385,0.041,0.106,34894,44919,0.69,0.888,0.817,1.052,0.577,1.634,2.791,4.531,-16.851,-12.835,-19.358,-11.845,2021-12-16,2022-08-29,2023-05-11,2021-10-11,2022-03-19,2022-08-26,2021-09-04,2022-01-17,2022-05-31
2021-03-23,"VC",5057353,10.658,4269305,10.639,450640,205400,57800,0,713840,14.115,9.29,0,0,0,0,54990,24100,26100,105190,2.08,569061,165965,403096,11.252,79.718,8.879,8794,0.174,1.57,5583,3211,82294,1.627,3.109,12.338,367513,201548,165965,7.267,3.985,8.608,4.721,5583,3211,0.11,0.063,35478,46816,0.702,0.926,0.831,1.097,1.543,1.674,1.619,4.223,-16.692,-12.835,-18.913,-12.321,2022-01-09,2022-10-13,2023-07-18,2021-10-06,2022-03-10,2022-08-12,2021-08-31,2022-01-09,2022-05-20
2021-03-24,"VC",5057353,10.658,4269305,10.639,518500,216100,57800,0,792400,15.668,9.313,67860,10700,0,78560,67860,10700,0,78560,1.553,590395,160295,430100,11.674,74.507,8.918,21334,0.422,3.749,7832,13502,103626,2.049,25.922,13.581,375345,215050,160295,7.422,4.252,8.792,5.037,7832,13502,0.155,0.267,43308,60318,0.856,1.193,1.014,1.413,2.131,22.07,6.699,28.841,-16.326,-12.62,-18.921,-11.361,2021-11-16,2022-07-02,2023-02-15,2021-09-17,2022-02-05,2022-06-26,2021-08-15,2021-12-13,2022-04-11
2021-03-25,"VC",5057353,10.658,4269305,10.639,518500,216100,57800,0,792400,15.668,9.313,0,0,0,0,67860,10700,0,78560,1.553,612340,157026,455314,12.108,77.277,8.953,21945,0.434,3.717,9338,12607,81927,1.62,-20.94,9.68,384683,227657,157026,7.606,4.502,9.01,5.332,9338,12607,0.185,0.249,31067,50860,0.614,1.006,0.728,1.191,2.488,-28.265,5.862,-15.68,-15.997,-12.62,-18.852,-10.692,2021-10-11,2022-04-24,2022-11-05,2021-09-05,2022-01-14,2022-05-25,2021-08-05,2021-11-24,2022-03-16
2021-03-26,"VC",5057353,10.658,4269305,10.639,518500,216100,57800,0,792400,15.668,9.313,0,0,0,0,67860,10700,0,78560,1.553,636120,159722,476398,12.578,80.278,9.001,23780,0.47,3.883,13238,10542,98244,1.943,19.917,9.905,397921,238199,159722,7.868,4.71,9.321,5.579,13238,10542,0.262,0.208,42227,56017,0.835,1.108,0.989,1.312,3.441,35.922,4.631,10.14,-15.547,-12.62,-18.153,-10.812,2021-08-30,2022-02-01,2022-07-06,2021-08-18,2021-12-14,2022-04-11,2021-07-22,2021-10-30,2022-02-07
2021-03-27,"VC",5057353,10.658,4269305,10.639,518500,216100,57800,0,792400,15.668,9.313,0,0,0,0,67860,10700,0,78560,1.553,669044,187895,481149,13.229,84.433,9.247,32924,0.651,5.176,30548,2376,123704,2.446,25.915,11.478,428470,240575,187895,8.472,4.757,10.036,5.635,30549,2376,0.604,0.047,70697,53008,1.398,1.048,1.656,1.242,7.677,67.421,0.997,-5.372,-13.239,-12.62,-14.407,-11.084,2021-07-29,2021-11-29,2022-04-02,2021-08-25,2021-12-26,2022-04-28,2021-07-28,2021-11-09,2022-02-21
2021-03-28,"VC",5057353,10.658,4269305,10.639,518500,216100,57800,0,792400,15.668,9.313,0,0,0,0,67860,10700,0,78560,1.553,701969,216068,485901,13.88,88.588,9.482,32925,0.651,4.921,30550,2375,149165,2.949,20.582,12.819,459018,242950,216068,9.076,4.804,10.752,5.691,30548,2375,0.604,0.047,99166,49998,1.961,0.989,2.323,1.171,7.13,40.269,0.987,-5.678,-11.034,-12.62,-10.871,-11.349,2021-07-07,2021-10-18,2022-01-28,2021-09-02,2022-01-08,2022-05-17,2021-08-03,2021-11-20,2022-03-08
2021-03-29,"VC",5057353,10.658,4269305,10.639,518500,216100,57800,0,792400,15.668,9.313,0,0,0,0,67860,10700,0,78560,1.553,734893,244241,490652,14.531,92.743,9.706,32924,0.651,4.69,30548,2376,174626,3.453,17.069,13.975,489567,245326,244241,9.68,4.851,11.467,5.746,30549,2376,0.604,0.047,127637,46989,2.524,0.929,2.99,1.101,6.655,28.71,0.978,-6.018,-8.932,-12.62,-7.528,-11.607,2021-06-22,2021-09-18,2021-12-15,2021-09-09,2022-01-22,2022-06-06,2021-08-09,2021-12-01,2022-03-25
2021-03-30,"VC",5057353,10.658,4269305,10.639,518500,216100,57800,0,792400,15.668,9.313,0,0,0,0,67860,10700,0,78560,1.553,742020,249974,492046,14.672,93.642,9.591,7127,0.141,0.97,6430,697,172959,3.42,-0.955,13.03,495997,246023,249974,9.807,4.865,11.618,5.763,6430,697,0.127,0.014,128484,44475,2.541,0.879,3.009,1.042,1.313,0.664,0.284,-5.35,-10.011,-12.62,-8.619,-12.688,2021-06-14,2021-09-01,2021-11-19,2021-09-12,2022-01-26,2022-06-12,2021-08-11,2021-12-05,2022-03-30
2021-03-31,"VC",5057353,10.658,4269305,10.639,586360,228100,96800,0,911260,18.019,9.404,67860,12000,39000,118860,67860,12000,39000,118860,2.35,768217,265189,503028,15.19,84.303,9.561,26197,0.518,3.53,20706,5491,177822,3.516,2.812,12.566,516703,251514,265189,10.217,4.973,12.103,5.891,20706,5491,0.409,0.109,141358,36464,2.795,0.721,3.311,0.854,4.175,10.02,2.232,-18.012,-10.293,-11.766,-8.769,-13.287,2021-06-03,2021-08-10,2021-10-18,2021-09-28,2022-02-24,2022-07-24,2021-08-24,2021-12-28,2022-05-04
2021-04-01,"VC",5057353,10.658,4269305,10.639,586360,228100,96800,0,911260,18.019,9.404,0,0,0,0,67860,12000,39000,118860,2.35,821536,307250,514286,16.244,90.154,9.848,53319,1.054,6.941,47690,5629,209196,4.136,17.643,13.924,564393,257143,307250,11.16,5.085,13.22,6.023,47690,5629,0.943,0.111,179710,29486,3.553,0.583,4.209,0.691,9.23,27.131,2.238,-19.137,-7.6,-11.766,-4.501,-13.74,2021-05-26,2021-07-25,2021-09-24,2021-10-15,2022-03-28,2022-09-09,2021-09-07,2022-01-24,2022-06-12
2021-04-02,"VC",5057353,10.658,4269305,10.639,586360,228100,96800,0,911260,18.019,9.404,0,0,0,0,67860,12000,39000,118860,2.35,843056,323648,519408,16.67,92.515,9.982,21520,0.426,2.619,18959,2561,206936,4.092,-1.08,15.017,583352,259704,323648,11.535,5.135,13.664,6.083,18959,2561,0.375,0.051,185431,21505,3.667,0.425,4.343,0.504,3.359,3.183,0.996,-27.067,-6.343,-11.766,-2.716,-13.567,2021-05-28,2021-07-29,2021-09-30,2021-12-13,2022-07-13,2023-02-10,2021-10-24,2022-04-22,2022-10-18
2021-04-03,"VC",5057353,10.658,4269305,10.639,586360,228100,96800,0,911260,18.019,9.404,0,0,0,0,67860,12000,39000,118860,2.35,864575,340045,524530,17.095,94.877,10.114,21519,0.425,2.552,18958,2561,195531,3.866,-5.511,14.89,602310,262265,340045,11.91,5.186,14.108,6.143,18958,2561,0.375,0.051,173840,21690,3.437,0.429,4.072,0.508,3.25,-6.251,0.986,0.86,-5.104,-11.766,-0.981,-13.393,2021-06-01,2021-08-05,2021-10-10,2021-12-22,2022-07-29,2023-03-06,2021-11-01,2022-05-06,2022-11-08
2021-04-04,"VC",5057353,10.658,4269305,10.639,586360,228100,96800,0,911260,18.019,9.404,0,0,0,0,67860,12000,39000,118860,2.35,867630,342505,525125,17.156,95.212,10.035,3055,0.06,0.353,2758,297,165661,3.276,-15.276,13.33,605068,262562,342506,11.964,5.192,14.173,6.15,2758,297,0.055,0.006,146050,19612,2.888,0.388,3.421,0.459,0.458,-15.986,0.113,-9.58,-5.845,-11.766,-2.103,-13.467,2021-06-04,2021-08-11,2021-10-19,2022-01-18,2022-09-16,2023-05-15,2021-11-23,2022-06-15,2023-01-04
2021-04-05,"VC",5057353,10.658,4269305,10.639,586360,228100,96800,0,911260,18.019,9.404,0,0,0,0,67860,12000,39000,118860,2.35,870686,344966,525720,17.216,95.547,9.958,3056,0.06,0.352,2758,298,135793,2.685,-18.03,11.584,607826,262860,344966,12.019,5.198,14.237,6.157,2758,298,0.055,0.006,118259,17534,2.338,0.347,2.77,0.411,0.456,-19.028,0.113,-10.596,-6.568,-11.766,-3.19,-13.54,2021-06-07,2021-08-18,2021-10-29,2022-02-19,2022-11-13,2023-08-07,2021-12-19,2022-08-03,2023-03-17
2021-04-06,"VC",5057353,10.658,4269305,10.639,711550,337500,96800,0,1145850,22.657,9.621,125190,109400,0,234590,193050,121400,39000,353450,6.989,870750,345028,525722,17.218,75.992,9.652,64,0.001,0.007,63,1,128730,2.545,-5.201,10.023,607889,262861,345028,12.02,5.198,14.239,6.157,63,1,0.001,0,111892,16838,2.212,0.333,2.621,0.394,0.01,-5.384,0,-3.969,-9.439,-9.73,-6.786,-15.01,2021-05-31,2021-08-04,2021-10-07,2022-02-07,2022-10-22,2023-07-07,2021-12-09,2022-07-15,2023-02-18
2021-04-07,"VC",5057353,10.658,4269305,10.639,711550,337500,96800,0,1145850,22.657,9.621,0,0,0,0,125190,109400,0,234590,4.639,926076,400356,525720,18.311,80.82,9.896,55326,1.094,6.354,55327,-1,157859,3.121,22.628,11.935,663216,262860,400356,13.114,5.198,15.535,6.157,55327,-1,1.094,0,146513,11346,2.897,0.224,3.432,0.266,9.101,30.941,0,-32.617,-7.15,-9.73,-3.01,-16.161,2021-05-26,2021-07-25,2021-09-24,2022-03-31,2023-01-26,2023-11-23,2022-01-20,2022-10-02,2023-06-13
2021-04-08,"VC",5057353,10.658,4269305,10.639,711550,337500,96800,0,1145850,22.657,9.554,0,0,0,0,125190,109400,0,234590,4.639,991439,435917,555522,19.604,86.524,10.105,65363,1.292,7.058,50462,14901,169903,3.36,7.63,11.563,713678,277761,435917,14.112,5.492,16.716,6.506,50462,14901,0.998,0.295,149285,20618,2.952,0.408,3.497,0.483,7.609,1.892,5.669,81.72,-5.189,-10.358,-1.397,-13.716,2021-05-19,2021-07-12,2021-09-03,2022-03-25,2023-01-16,2023-11-09,2022-01-15,2022-09-23,2023-06-02
2021-04-09,"VC",5057353,10.658,4269305,10.639,711550,337500,96800,0,1145850,22.657,9.554,0,0,0,0,125190,109400,0,234590,4.639,1035843,467631,568212,20.482,90.4,10.124,44404,0.878,4.479,38059,6345,192787,3.812,13.469,10.792,751737,284106,467631,14.864,5.618,17.608,6.655,38059,6345,0.753,0.125,168385,24402,3.33,0.483,3.944,0.572,5.333,12.794,2.284,18.353,-5.01,-10.358,-1.491,-13.222,2021-05-11,2021-06-23,2021-08-05,2022-02-11,2022-11-01,2023-07-22,2021-12-12,2022-07-22,2023-03-01
2021-04-10,"VC",5057353,10.658,4269305,10.639,711550,337500,96800,0,1145850,22.657,9.554,0,0,0,0,125190,109400,0,234590,4.639,1035843,467630,568213,20.482,90.4,9.945,0,0,0,0,0,171268,3.387,-11.162,9.17,751736,284106,467630,14.864,5.618,17.608,6.655,-1,0,0,0,149426,21841,2.955,0.432,3.5,0.512,0,-11.259,0,-10.495,-6.69,-10.358,-3.805,-13.569,2021-05-09,2021-06-19,2021-07-30,2022-02-25,2022-11-25,2023-08-26,2021-12-23,2022-08-11,2023-03-30
2021-04-11,"VC",5057353,10.658,4269305,10.639,711550,337500,96800,0,1145850,22.657,9.554,0,0,0,0,125190,109400,0,234590,4.639,1035842,467629,568213,20.482,90.399,9.772,-1,0,0,-2,1,168212,3.326,-1.784,8.607,751736,284107,467629,14.864,5.618,17.608,6.655,0,1,0,0,146668,21545,2.9,0.426,3.435,0.505,0,-1.846,0,-1.355,-8.313,-10.358,-6.013,-13.9,2021-05-08,2021-06-16,2021-07-25,2022-02-18,2022-11-11,2023-08-05,2021-12-18,2022-07-31,2023-03-14
2021-04-12,"VC",5057353,10.658,4269305,10.639,711550,337500,96800,0,1145850,22.657,9.554,0,0,0,0,125190,109400,0,234590,4.639,1035842,467628,568214,20.482,90.399,9.604,0,0,0,0,0,165156,3.266,-1.817,8.091,751735,284107,467628,14.864,5.618,17.608,6.655,-1,0,0,0,143909,21247,2.846,0.42,3.371,0.498,0,-1.881,0,-1.383,-9.889,-10.358,-8.122,-14.242,2021-05-07,2021-06-13,2021-07-21,2022-02-10,2022-10-28,2023-07-15,2021-12-12,2022-07-20,2023-02-25
2021-04-13,"VC",5057353,10.658,4269305,10.639,836740,352300,131600,0,1320640,26.113,9.716,125190,14800,34800,174790,125190,14800,34800,174790,3.456,1080973,507885,573088,21.374,81.852,9.762,45131,0.892,4.357,42694,2437,210223,4.157,27.288,10.242,794429,286544,507885,15.708,5.666,18.608,6.712,42694,2437,0.844,0.048,186540,23683,3.688,0.468,4.369,0.555,5.679,29.624,0.858,11.465,-8.407,-8.838,-6.098,-14.268,2021-05-07,2021-06-12,2021-07-19,2022-03-11,2022-12-20,2023-09-30,2022-01-04,2022-09-01,2023-04-29
2021-04-14,"VC",5057353,10.658,4269305,10.639,836740,352300,131600,0,1320640,26.113,9.716,0,0,0,0,125190,14800,34800,174790,3.456,1125277,545449,579828,22.25,85.207,9.84,44304,0.876,4.099,40934,3370,199201,3.939,-5.243,9.585,835363,289914,545449,16.518,5.733,19.567,6.791,40934,3370,0.809,0.067,172147,27054,3.404,0.535,4.032,0.634,5.153,-7.716,1.176,14.234,-7.675,-8.838,-5.003,-14.599,2021-05-06,2021-06-12,2021-07-18,2022-02-25,2022-11-25,2023-08-25,2021-12-24,2022-08-12,2023-03-31
2021-04-15,"VC",5057353,10.658,4269305,10.639,836740,352300,131600,0,1320640,26.113,9.716,0,0,0,0,125190,14800,34800,174790,3.456,1194050,599376,594674,23.61,90.414,10.047,68773,1.36,6.112,61350,7423,202611,4.006,1.712,9.771,896713,297337,599376,17.731,5.879,21.004,6.965,61350,7423,1.213,0.147,183035,19576,3.619,0.387,4.287,0.459,7.344,6.325,2.56,-27.641,-5.733,-8.838,-2.529,-14.263,2021-05-06,2021-06-11,2021-07-17,2022-03-10,2022-12-21,2023-10-02,2022-01-03,2022-09-01,2023-04-30
2021-04-16,"VC",5057353,10.658,4269305,10.639,836740,352300,131600,0,1320640,26.113,9.638,0,0,0,0,125190,14800,34800,174790,3.456,1236279,627217,609062,24.445,93.612,10.026,42229,0.835,3.537,35035,7194,200436,3.963,-1.073,9.549,931748,304531,627217,18.424,6.022,21.824,7.133,35035,7194,0.693,0.142,180011,20425,3.559,0.404,4.216,0.478,3.907,-1.652,2.419,4.337,-5.93,-9.57,-2.883,-14.155,2021-05-05,2021-06-10,2021-07-16,2022-02-07,2022-10-24,2023-07-09,2021-12-09,2022-07-16,2023-02-20
2021-04-17,"VC",5057353,10.658,4269305,10.639,836740,352300,131600,0,1320640,26.113,9.638,0,0,0,0,125190,14800,34800,174790,3.456,1247842,636011,611831,24.674,94.488,9.979,11563,0.229,0.935,10179,1384,211999,4.192,5.769,10.149,941927,305915,636012,18.625,6.049,22.063,7.165,10179,1384,0.201,0.027,190191,21809,3.761,0.431,4.455,0.511,1.092,5.655,0.454,6.776,-6.371,-9.57,-3.397,-14.49,2021-05-06,2021-06-12,2021-07-18,2022-01-21,2022-09-22,2023-05-24,2021-11-26,2022-06-20,2023-01-13
2021-04-18,"VC",5057353,10.658,4269305,10.639,836740,352300,131600,0,1320640,26.113,9.638,0,0,0,0,125190,14800,34800,174790,3.456,1259405,644806,614599,24.902,95.363,9.933,11563,0.229,0.927,10178,1385,223563,4.421,5.455,10.755,952105,307300,644805,18.826,6.076,22.301,7.198,10178,1385,0.201,0.027,200369,23193,3.962,0.459,4.693,0.543,1.081,5.351,0.453,6.346,-6.802,-9.57,-3.895,-14.807,2021-05-07,2021-06-13,2021-07-20,2022-01-06,2022-08-25,2023-04-13,2021-11-14,2022-05-28,2022-12-10
2021-04-19,"VC",5057353,10.658,4269305,10.639,836740,352300,131600,0,1320640,26.113,9.638,0,0,0,0,125190,14800,34800,174790,3.456,1270968,653600,617368,25.131,96.239,9.888,11563,0.229,0.918,10179,1384,235126,4.649,5.172,11.366,962284,308684,653600,19.027,6.104,22.54,7.23,10179,1384,0.201,0.027,210549,24577,4.163,0.486,4.932,0.576,1.069,5.081,0.45,5.967,-7.225,-9.57,-4.377,-15.104,2021-05-08,2021-06-14,2021-07-22,2021-12-24,2022-07-31,2023-03-06,2021-11-04,2022-05-08,2022-11-09
2021-04-20,"VC",5057353,10.658,4269305,10.639,961930,352300,131600,0,1445830,28.589,9.693,125190,0,0,125190,125190,0,0,125190,2.475,1307612,678688,628924,25.856,90.44,10.027,36644,0.725,2.883,30866,5778,226639,4.481,-3.61,11.52,993150,314462,678688,19.638,6.218,23.263,7.366,30866,5778,0.61,0.114,198721,27918,3.929,0.552,4.655,0.654,3.208,-5.618,1.872,13.594,-5.92,-9.054,-2.821,-14.529,2021-05-09,2021-06-18,2021-07-29,2021-12-14,2022-07-13,2023-02-08,2021-10-27,2022-04-22,2022-10-17
2021-04-21,"VC",5057353,10.658,4269305,10.639,961930,352300,131600,0,1445830,28.589,9.693,0,0,0,0,125190,0,0,125190,2.475,1357860,690026,667834,26.849,93.916,10.06,50248,0.994,3.843,30793,19455,232583,4.599,2.623,11.281,1023943,333917,690026,20.247,6.603,23.984,7.821,30793,19455,0.609,0.385,188580,44003,3.729,0.87,4.417,1.031,3.101,-5.103,6.187,57.615,-5.611,-9.054,-2.822,-13.244,2021-05-09,2021-06-19,2021-07-29,2021-10-12,2022-03-17,2022-08-19,2021-09-06,2022-01-15,2022-05-27
2021-04-22,"VC",5057353,10.658,4269305,10.639,961930,389100,131600,15600,1498230,29.625,9.707,0,36800,0,52400,125190,36800,0,177590,3.512,1391648,678214,713434,27.517,92.886,10.005,33788,0.668,2.488,10988,22800,197598,3.907,-15.042,9.759,1034931,356717,678214,20.464,7.053,24.241,8.355,10988,22800,0.217,0.451,138218,59380,2.733,1.174,3.237,1.391,1.073,-26.706,6.828,34.945,-6.127,-8.923,-4.258,-11.182,2021-05-10,2021-06-23,2021-08-06,2021-09-11,2022-01-18,2022-05-27,2021-08-12,2021-11-29,2022-03-18
2021-04-23,"VC",5057353,10.658,4269305,10.639,961930,389100,131600,15600,1498230,29.625,9.707,0,0,0,0,125190,36800,0,177590,3.512,1426532,672084,754448,28.207,95.214,9.999,34884,0.69,2.507,14377,20507,190253,3.762,-3.717,9.83,1049308,377224,672084,20.748,7.459,24.578,8.836,14377,20507,0.284,0.405,117560,72693,2.325,1.437,2.754,1.703,1.389,-14.946,5.749,22.42,-6.183,-8.923,-5.39,-8.377,2021-05-12,2021-06-28,2021-08-14,2021-09-05,2022-01-08,2022-05-12,2021-08-08,2021-11-21,2022-03-06
2021-04-24,"VC",5057353,10.658,4269305,10.639,961930,389100,131600,15600,1498230,29.625,9.707,0,0,0,0,125190,36800,0,177590,3.512,1437453,674073,763380,28.423,95.943,9.971,10921,0.216,0.766,6455,4466,189611,3.749,-0.337,9.922,1056651,381690,674961,20.893,7.547,24.75,8.94,7343,4466,0.145,0.088,114724,75775,2.268,1.498,2.687,1.775,0.7,-2.412,1.184,4.24,-6.446,-8.923,-5.904,-7.963,2021-05-12,2021-06-29,2021-08-16,2021-09-06,2022-01-08,2022-05-12,2021-08-08,2021-11-21,2022-03-06
2021-04-25,"VC",5057353,10.658,4269305,10.639,961930,389100,131600,15600,1498230,29.625,9.707,0,0,0,0,125190,36800,0,177590,3.512,1448375,676063,772312,28.639,96.672,9.944,10922,0.216,0.76,6456,4466,188970,3.737,-0.338,10.016,1063993,386156,677837,21.039,7.636,24.922,9.045,7342,4466,0.145,0.088,111888,78856,2.212,1.559,2.621,1.847,0.695,-2.472,1.17,4.066,-6.699,-8.923,-6.406,-7.554,2021-05-13,2021-06-30,2021-08-18,2021-09-06,2022-01-09,2022-05-13,2021-08-09,2021-11-22,2022-03-07
2021-04-26,"VC",5057353,10.658,4269305,10.639,961930,389100,131600,15600,1498230,29.625,9.707,0,0,0,0,125190,36800,0,177590,3.512,1459296,678052,781244,28.855,97.401,9.916,10921,0.216,0.754,6455,4466,188328,3.724,-0.34,10.112,1071336,390622,680714,21.184,7.724,25.094,9.15,7343,4466,0.145,0.088,109052,81938,2.156,1.62,2.554,1.919,0.69,-2.535,1.157,3.908,-6.962,-8.923,-6.896,-7.152,2021-05-13,2021-07-01,2021-08-19,2021-09-07,2022-01-09,2022-05-13,2021-08-09,2021-11-22,2022-03-07
2021-04-27,"VC",5057353,10.658,4269305,10.639,1136260,4e+05,151600,15600,1703460,33.683,9.75,174330,10900,20000,205230,174330,47700,20000,257630,5.094,1508083,715473,792610,29.82,88.531,10.057,48787,0.965,3.343,43104,5683,200471,3.964,6.448,10.261,1116189,396305,719884,22.071,7.836,26.145,9.283,44853,5683,0.887,0.112,123039,81843,2.433,1.618,2.882,1.917,4.187,12.826,1.455,-0.116,-5.639,-8.519,-4.911,-7.529,2021-05-12,2021-06-28,2021-08-14,2021-08-30,2021-12-25,2022-04-21,2021-08-03,2021-11-10,2022-02-17
2021-04-28,"VC",5057353,10.658,4269305,10.639,1136260,4e+05,151600,15600,1703460,33.683,9.753,0,0,0,0,174330,47700,20000,257630,5.094,1568215,749725,818490,31.009,92.061,10.198,60132,1.189,3.987,47192,12940,210355,4.159,4.93,11.189,1165727,409245,756482,23.05,8.092,27.305,9.586,49538,12940,0.98,0.256,141784,75328,2.804,1.489,3.321,1.764,4.438,15.235,3.265,-7.96,-4.316,-8.491,-2.874,-7.846,2021-05-13,2021-06-30,2021-08-17,2021-09-01,2021-12-30,2022-04-29,2021-08-05,2021-11-14,2022-02-23
